ID;X1;X2;X3;X4;X5;X6;X7;X8;X9;X10;X11;X12;X13;X14;X15;X16;X17;X18;X19;X20;X21;X22;X23;X24;X25;Formato
1;Plaza;P£blico;Media;Muro p£blico;Baja;Graffiti;Simple;Peque¤o;verde;Fr¡os;Media;Baja;Monocrom tico;una figura que parece representar un pez o una forma abstracta;Individual;Abstracta;No;Ninguno claramente identificable;Ninguna identificable;No;No;Temporal;Regular;Exposici¢n al clima;Ninguna;1
2;Plaza;P£blico;Baja;Muro p£blico;Baja;Arte urbano, graffiti;Simple;Mediano;Negro;Neutros;Baja;Alta;Monocrom tico;Arte Abstracto;Individual;Expl¡cita;S¡;Coraz¢n;Ninguna identificable;S¡;No;Temporal;Regular;Ninguno;Ninguna;1
3;Plaza;P£blico;Media;Muro p£blico;Baja;Arte urbano, graffiti;Simple;Mediano;Negro;Neutros;Baja;Media;Monocrom tico;Palabra, Sexual;Individual;Expl¡cita;No;ninguno;Ninguna identificable;No;No;Temporal;Regular;Exposici¢n al clima;Ninguna;1
4;Calle;P£blico;Media;Muro p£blico;Media;Graffiti;Simple;Peque¤o;rojo;C lidos;Alta;Alta;Monocrom tico;Letras;Individual;Expl¡cita;No;"El mensaje est  claro: ""SMILE"" (Sonr¡e).";Ninguna identificable;No;No;Temporal;Regular;ninguno;Ninguna;1
5;Calle;P£blico;Media;Muro privado;Media;Graffiti;Simple;Peque¤o;rojo;C lidos;Alta;Alta;Monocrom tico;Letras;Individual;Abstracta;No;No se identifican elementos simb¢licos claros.;Ninguna identificable;No;No;Temporal;Regular;Exposici¢n al clima;Ninguna;1
6;Calle;P£blico;Media;Muro privado;Media;Graffiti;Simple;Peque¤o;negro;Neutros;Media;Media;Monocrom tico;Deporte;Individual;Expl¡cita;No;" S¡, el nombre ""Pe¤arol"" puede simbolizar apoyo al equipo de f£tbol o identificaci¢n con ‚l.";Occidental;No;No;Temporal;Regular;Ninguno;Ninguna;1
7;Calle;P£blico;Alta;Muro privado;Media;Graffiti;Simple;Peque¤o;rosa;C lidos;Alta;Media;Monocrom tico;Firma de artista;Individual;Expl¡cita;No;Ninguno claramente visible.;Ninguna identificable;No;No;Temporal;Buena;Ninguno;Ninguna;1
8;Plaza;P£blico;Alta;Muro p£blico;Baja;Graffiti;Simple;Peque¤o;Blanco;Neutros;Baja;Baja;Monocrom tico;Firma de artista;Individual;Abstracta;No;ninguno;Ninguna identificable;No;No;Temporal;Deteriorada;Exposici¢n al clima;Ninguna;1
9;Plaza;P£blico;Alta;Muro p£blico;Baja;Graffiti;Simple;Peque¤o;Blanco;Neutros;Baja;Baja;Monocrom tico;Amor;Individual;Expl¡cita;S¡;Coraz¢n;Ninguna identificable;No;No;Temporal;Regular;Exposici¢n al clima;Ninguna;1
10;Plaza;P£blico;Alta;Muro p£blico;Baja;Graffiti;Simple;Mediano;Negro;Neutros;Baja;Alta;Monocrom tico;Mitolog¡a, Cultura pop;Individual;Expl¡cita;S¡;Ovni;Occidental;No;No;Temporal;Regular;Ninguno;Ninguna;1
11;Plaza;P£blico;Alta;Muro p£blico;Baja;Graffiti;Simple;Mediano;Negro;Neutros;Baja;Alta;Monocrom tico;Amor;Individual;Expl¡cita;S¡;Coraz¢n;Ninguna identificable;No;No;Temporal;Regular;Ninguno;Ninguna;1
12;Plaza;P£blico;Alta;Muro p£blico;Baja;Graffiti;Simple;Mediano;Negro;Neutros;Baja;Alta;Monocrom tico;Letras;Individual;Abstracta;No;Flechas;Ninguna identificable;No;No;Temporal;Regular;Ninguno;Ninguna;1
13;Plaza;P£blico;Alta;Muro p£blico;Baja;Graffiti;Simple;Peque¤o;Dorado;C lidos;Media;Media;Monocrom tico;N£meros;Individual;Expl¡cita;No;N£mero 8;Ninguna identificable;No;No;Temporal;Regular;Ninguno;Ninguna;1
14;Plaza;P£blico;Alta;Muro p£blico;Baja;Graffiti;Simple;Mediano;Dorado;C lidos;Media;Media;Monocrom tico;Letras;Individual;Abstracta;No;Flechas;Ninguna identificable;No;No;Temporal;Regular;Ninguno;Ninguna;1
15;Plaza;P£blico;Alta;Muro p£blico;Baja;Graffiti;Simple;Grande;Negro;Neutros;Baja;Alta;Monocrom tico;Palabra;Individual;Abstracta;No;ninguno;Ninguna identificable;No;No;Temporal;Regular;Ninguno;Ninguna;1
16;Plaza;P£blico;Alta;Muro p£blico;Baja;Graffiti;Simple;Grande;Negro;Neutros;Baja;Alta;Monocrom tico;Amor, Cultura pop, Espiritualidad o religi¢n;Individual;Expl¡cita;S¡;Smile;Mundial;Si;No;Temporal;Regular;Exposici¢n al clima;Ninguna;1
17;Calle;P£blico;Alta;Muro privado;Alta;Graffiti;Detallado;Mediano;negro;Neutros;Media;Alta;Monocrom tico;Letras;Individual;Abstracta;S¡;S¡, el gato negro y el nombre CATS;Ninguna identificable;No;No;Temporal;Buena;Ninguno;Ninguna;1
18;Calle;P£blico;Alta;Muro privado;Alta;Graffiti;Simple;Mediano;Negro;Neutros;Baja;Baja;Monocrom tico;Firma de artista;Individual;Abstracta;No;Ninguno identificable;Ninguna identificable;No;No;Temporal;Deteriorada;Desgaste del muro;Ninguna;1
19;Calle;P£blico;Alta;Muro privado;Alta;Graffiti;Detallado;Mediano;Blanco;Neutros;Baja;Baja;Monocrom tico;Letras;Individual;Abstracta;No;Flecha;Ninguna identificable;No;No;Temporal;Deteriorada;Desgaste del muro;Ninguna;1
20;Calle;P£blico;Alta;Muro privado;Alta;Graffiti;Simple;Mediano;Negro;Neutros;Baja;Media;Monocrom tico;Firma de artista;Individual;Abstracta;No;Ninguno identificable;Ninguna identificable;No;No;Temporal;Regular;Exposici¢n al clima;Ninguna;1
21;Calle;P£blico;Alta;Muro privado;Alta;Graffiti;Simple;Peque¤o;Negro;Neutros;Baja;Media;Monocrom tico;Firma de artista;Individual;Abstracta;No;Ninguno identificable;Ninguna identificable;No;No;Temporal;Regular;Exposici¢n al clima;Ninguna;1
22;Estaci¢n de transporte;P£blico;Alta;Muro privado;Alta;Graffiti;Simple;Mediano;Blanco;Neutros;Baja;Media;Monocrom tico;"Es un mensaje rom ntico, probablemente personal (""Te amo"")";Individual;Expl¡cita;No;"Las iniciales ""D&E"" y la fecha (""19-01-16"") pueden ser simb¢licos para los involucrados, representando nombres y un momento significativo.";Ninguna identificable;No;No;Temporal;Regular;Ninguno;Ninguna;1
23;Calle;P£blico;Alta;Muro privado;Alta;Graffiti;Simple;Peque¤o;Morado y blanco;Neutros;Media;Media;Policrom tico;Arte Abstracto;Individual;Abstracta;No;Ninguno claramente identificable, aunque el dise¤o superior podr¡a interpretarse como un s¡mbolo decorativo o personal.;Ninguna identificable;No;No;Temporal;Buena;Ninguno;Ninguna;1
24;Calle;P£blico;Baja;Muro privado;Media;Graffiti;Simple;Peque¤o;Negro;Neutros;Media;Media;Monocrom tico;Pol¡tica;Individual;Expl¡cita;No;No. Solo se observa texto.;Occidental;No;S¡;Temporal;Buena;Ninguno;Ninguna;1
25;Bomberos;P£blico;Alta;Muro privado;Media;Graffiti;Simple;Peque¤o;Azul;Fr¡os;Media;Media;Monocrom tico;Firma de artista;Individual;Abstracta;No;Ninguno identificable.;Ninguna identificable;No;No;Temporal;Regular;Exposici¢n al clima;Ninguna;1
26;Bomberos;P£blico;Alta;Muro privado;Media;Graffiti;Simple;Peque¤o;Blanco;Fr¡os;Baja;Baja;Monocrom tico;Firma de artista;Individual;Abstracta;No;Ninguno identificable.;Ninguna identificable;No;;;;;;1
27;Bomberos;P£blico;Alta;Muro privado;Media;Graffiti;Simple;Peque¤o;Azul;Fr¡os;Media;Media;Monocrom tico;Firma de artista;Individual;Abstracta;No;Ninguno identificable.;Ninguna identificable;No;;;;;;1
28;Calle;P£blico;Media;Muro privado;Media;Graffiti;Simple;Mediano;negro ;Neutros;Baja;Baja;Monocrom tico;Resistencia social, Pol¡tica;Individual;Expl¡cita;No;No se identifican elementos espec¡ficos debido al desgaste.;Occidental;No;S¡;Temporal;Deteriorada;Exposici¢n al clima;Ninguna;1
29;Calle;P£blico;Alta;Muro privado;Baja;Graffiti;Simple;Peque¤o;Negro;Neutros;Media;Media;Monocrom tico;Firma de artista;Individual;Expl¡cita;No;Ninguno identificable.;Ninguna identificable;No;No;Temporal;Regular;Exposici¢n al clima;Ninguna;1
30;Calle;P£blico;Alta;Muro privado;Baja;Graffiti;Simple;Peque¤o;Negro;Neutros;Media;Media;Monocrom tico;Firma de artista;Individual;Expl¡cita;No;Ninguno identificable.;Ninguna identificable;No;No;Temporal;Regular;Exposici¢n al clima;Ninguna;1
31;Escuela, Plaza;P£blico;Alta;Muro privado;Media;Graffiti;Simple;Mediano;Azul;Fr¡os;Media;Media;Monocrom tico;Letras;Individual;Abstracta;No;S¡, un sombrero sobre las letras, que podr¡a ser un elemento decorativo o simb¢lico para el autor.;Ninguna identificable;No;No;Temporal;Buena;Ninguno;Ninguna;1
32;Escuela, Plaza;P£blico;Alta;Muro privado;Media;Graffiti;Simple;Peque¤o;Blanco;Neutros;Baja;Media;Monocrom tico;Musical;Individual;Expl¡cita;No;Taylor Swift;"Influencias populares (""Taylor Swift"" podr¡a estar vinculado a la cultura musical global).";No;No;Temporal;Regular;Ninguno;Ninguna;1
33;Escuela, Plaza;P£blico;Alta;Muro privado;Media;Graffiti;Simple;Peque¤o;Blanco;Neutros;Baja;Media;Monocrom tico;Letras;Individual;Expl¡cita;No;Ninguno claramente identificable;Ninguna identificable;No;No;Temporal;Regular;Ninguno;Ninguna;1
34;Escuela, Plaza;P£blico;Baja;Banca;Media;Graffiti;Simple;Peque¤o;Negro;Neutros;Alta;Alta;Monocrom tico;Firma de artista;Individual;Abstracta;No;Ninguno claramente identificable;Ninguna identificable;No;No;Temporal;Buena;Ninguno;Ninguna;1
35;Plaza;P£blico;Baja;Banca;Baja;Intervenci¢n art¡stica con pintura manual. Se utiliz¢ la t‚cnica de estampado de manos pintadas.;Simple;Peque¤o;Rojo, blanco y azul ;C lidos;Media;Media;Policrom tico;Comunidad;Comunitario;Expl¡cita;S¡;Las huellas de manos son un elemento simb¢lico universal que representa la participaci¢n de las personas.;Ninguna identificable;S¡;S¡;Temporal;Regular;Exposici¢n al clima;Ninguna;1
36;Escuela;P£blico;Baja;Muro privado;Baja;Graffiti;Simple;Peque¤o;Negro y azul ;Neutros;Media;Media;Policrom tico;Letras;Individual;Expl¡cita;No;Letras CHU;Ninguna identificable;No;No;Temporal;Regular;Exposici¢n al clima;Ninguna;1
37;Escuela;P£blico;Baja;Muro privado;Baja;Graffiti;Simple;Peque¤o;Negro y azul ;Neutros;Media;Media;Policrom tico;Corazon;Individual;Expl¡cita;No;Romantico. El coraz¢n es un elemento simb¢lico universal relacionado con el amor o los sentimientos.;Ninguna identificable;No;No;Temporal;Regular;Exposici¢n al clima;Ninguna;1
38;Escuela;P£blico;Alta;Muro privado;Media;Pintura mural. Realizado a mano con pinceles, utilizando colores brillantes y un estilo detallado.;Detallado;Grande;Multicolor;C lidos;Alta;Alta;Policrom tico;Naturaleza, Educaci¢n, Infancia;Comunitario;Expl¡cita;No;Las letras y n£meros simbolizan aprendizaje, mientras que los ni¤os dibujados simbolizan alegr¡a y juego.;cultura educativa local y la promoci¢n del desarrollo infantil.;No;No;Permanente;Buena;Ninguno;Frecuente;0
39;Escuela;P£blico;Alta;Muro privado;Media;Pintura mural. Realizado a mano con pinceles, utilizando colores brillantes y un estilo detallado.;Detallado;Grande;Multicolor;C lidos;Alta;Alta;Policrom tico;Naturaleza, Educaci¢n, Infancia;Comunitario;Expl¡cita;No;Las letras y n£meros simbolizan aprendizaje, mientras que los ni¤os dibujados simbolizan alegr¡a y juego.;cultura educativa local y la promoci¢n del desarrollo infantil.;No;No;Permanente;Buena;Ninguno;Frecuente;0
40;Escuela;P£blico;Alta;Muro privado;Media;Pintura mural. Realizado a mano con pinceles, utilizando colores brillantes y un estilo detallado.;Detallado;Grande;Multicolor;C lidos;Alta;Alta;Policrom tico;Naturaleza, Educaci¢n, Infancia;Comunitario;Expl¡cita;No;Las letras y n£meros simbolizan aprendizaje, mientras que los ni¤os dibujados simbolizan alegr¡a y juego.;cultura educativa local y la promoci¢n del desarrollo infantil.;No;No;Permanente;Buena;Ninguno;Frecuente;0
41;Escuela;P£blico;Alta;Muro privado;Media;Pintura mural. Realizado a mano con pinceles, utilizando colores brillantes y un estilo detallado.;Detallado;Grande;Multicolor;C lidos;Alta;Alta;Policrom tico;Naturaleza, Educaci¢n, Infancia;Comunitario;Expl¡cita;No;Las letras y n£meros simbolizan aprendizaje, mientras que los ni¤os dibujados simbolizan alegr¡a y juego.;cultura educativa local y la promoci¢n del desarrollo infantil.;No;No;Permanente;Buena;Ninguno;Frecuente;0
42;Escuela;P£blico;Alta;Muro privado;Media;Pintura mural. Realizado a mano con pinceles, utilizando colores brillantes y un estilo detallado.;Detallado;Grande;Multicolor;C lidos;Alta;Alta;Policrom tico;Naturaleza, Educaci¢n, Infancia;Comunitario;Expl¡cita;No;Las letras y n£meros simbolizan aprendizaje, mientras que los ni¤os dibujados simbolizan alegr¡a y juego.;cultura educativa local y la promoci¢n del desarrollo infantil.;No;No;Permanente;Buena;Ninguno;Frecuente;0
43;Escuela;P£blico;Alta;Muro privado;Media;Pintura mural. Realizado a mano con pinceles, utilizando colores brillantes y un estilo detallado.;Detallado;Grande;Multicolor;C lidos;Alta;Alta;Policrom tico;Naturaleza, Educaci¢n, Infancia;Comunitario;Expl¡cita;No;Las letras y n£meros simbolizan aprendizaje, mientras que los ni¤os dibujados simbolizan alegr¡a y juego.;cultura educativa local y la promoci¢n del desarrollo infantil.;No;No;Permanente;Buena;Ninguno;Frecuente;0
44;Escuela;P£blico;Alta;Muro privado;Media;Pintura mural. Realizado a mano con pinceles, utilizando colores brillantes y un estilo detallado.;Detallado;Grande;Multicolor;C lidos;Alta;Alta;Policrom tico;Naturaleza, Educaci¢n, Infancia;Comunitario;Expl¡cita;No;Las letras y n£meros simbolizan aprendizaje, mientras que los ni¤os dibujados simbolizan alegr¡a y juego.;cultura educativa local y la promoci¢n del desarrollo infantil.;No;No;Permanente;Buena;Ninguno;Frecuente;0
45;Escuela;P£blico;Alta;Muro privado;Media;Pintura mural. Realizado a mano con pinceles, utilizando colores brillantes y un estilo detallado.;Detallado;Grande;Multicolor;C lidos;Alta;Alta;Policrom tico;Naturaleza, Educaci¢n, Infancia;Comunitario;Expl¡cita;No;Las letras y n£meros simbolizan aprendizaje, mientras que los ni¤os dibujados simbolizan alegr¡a y juego.;cultura educativa local y la promoci¢n del desarrollo infantil.;No;No;Permanente;Buena;Ninguno;Frecuente;0
46;Escuela;P£blico;Alta;Muro privado;Media;Pintura mural. Realizado a mano con pinceles, utilizando colores brillantes y un estilo detallado.;Detallado;Grande;Multicolor;C lidos;Alta;Alta;Policrom tico;Naturaleza, Educaci¢n, Infancia;Comunitario;Expl¡cita;No;Las letras y n£meros simbolizan aprendizaje, mientras que los ni¤os dibujados simbolizan alegr¡a y juego.;cultura educativa local y la promoci¢n del desarrollo infantil.;No;No;Permanente;Buena;Ninguno;Frecuente;0
47;Plaza;P£blico;Baja;Banca;Baja;Graffiti;Simple;Peque¤o;Negro;Neutros;Alta;Alta;Monocrom tico;Firma de artista;Individual;Abstracta;No;Ninguno claramente identificable.;Ninguna identificable;No;No;Temporal;Buena;Ninguno;Ninguna;1
48;Plaza;P£blico;Baja;Muro privado;Baja;Graffiti;Simple;Peque¤o;Negro;Neutros;Media;Media;Monocrom tico;Firma de artista;Individual;Abstracta;No;No se identifica un simbolismo claro;Ninguna identificable;No;No;Temporal;Buena;Ninguno;Ninguna;1
49;Calle;P£blico;Alta;Muro privado;Baja;Graffiti;Simple;Peque¤o;Negro;Neutros;Baja;Media;Monocrom tico;Firma de artista;Individual;Abstracta;No;Ninguno claramente identificable;Ninguna identificable;No;No;Temporal;Regular;Exposici¢n al clima;Ninguna;1
50;Plaza;P£blico;Media;Muro privado;Baja;Graffiti;Intrincado;Peque¤o;Rojo;Neutros;Alta;Alta;Monocrom tico;Firma de artista;Individual;Abstracta;S¡;Coronas;Ninguna identificable;No;No;Temporal;Buena;Exposici¢n al clima;Ninguna;1
51;Plaza;P£blico;Media;Muro privado;Baja;Surrealismo;Detallado;Grande;Multicolor;C lidos;Media;Alta;Policrom tico;Surrealismo, naturaleza antropomorfizada.;Comunitario;Abstracta;S¡;Figuras humanoides;influencias de arte psicod‚lico o surrealismo.;Si;No;Permanente;Buena;Ninguno;Ninguna;0
52;Plaza;P£blico;Media;Muro privado;Baja;Surrealismo;Detallado;Grande;Multicolor;C lidos;Media;Alta;Policrom tico;Surrealismo, naturaleza antropomorfizada.;Comunitario;Abstracta;S¡;Figuras humanoides;influencias de arte psicod‚lico o surrealismo.;Si;No;Permanente;Buena;Ninguno;Ninguna;0
53;Plaza;P£blico;Media;Muro privado;Baja;Graffiti;Intrincado;Peque¤o;Negro;Neutros;Alta;Alta;Policrom tico;Letras;Individual;Abstracta;S¡;Ninguno claramente identificable;Occidental;No;No;Permanente;Buena;Vandalismo;Ninguna;1
54;Plaza;P£blico;Media;Muro privado;Baja;Graffiti;Intrincado;Peque¤o;Negro;Neutros;Media;Alta;Monocrom tico;Cultura pop;Individual;Expl¡cita;No;"Videojuego ""Among Us"" + Estrellas";Occidental;No;No;Temporal;Buena;Ninguno;Ninguna;1
55;Plaza;P£blico;Media;Muro p£blico;Baja;Graffiti;Simple;Mediano;Rojo ;C lidos;Baja;Baja;Monocrom tico;Letras;Individual;Expl¡cita;No;Ninguno claramente identificable.;Ninguna identificable;No;No;Temporal;Regular;Exposici¢n al clima;Ninguna;1
56;Plaza;P£blico;Media;Muro p£blico;Baja;Graffiti;Simple;Mediano;Rojo ;C lidos;Baja;Baja;Monocrom tico;Letras;Individual;Expl¡cita;No;Ninguno claramente identificable.;Ninguna identificable;No;No;Temporal;Regular;Vegetaci¢n;Ninguna;1
57;Plaza;P£blico;Media;Muro p£blico;Baja;Graffiti;Simple;Mediano;Rojo ;C lidos;Baja;Baja;Monocrom tico;Letras;Individual;Expl¡cita;No;Ninguno claramente identificable.;Ninguna identificable;No;No;Temporal;Regular;Vegetaci¢n;Ninguna;1
58;Calle;P£blico;Alta;Muro privado;Baja;Graffiti;Simple;Grande;Negro;Neutros;Alta;Alta;Monocrom tico;Cultura pop;Individual;Expl¡cita;S¡;"La corona y el texto ""El Barto"". Ambas referencias est n directamente asociadas a Bart Simpson.";Occidental;No;No;Temporal;Buena;Ninguno;Ninguna;1
59;Calle;P£blico;Alta;Muro Transitorio;Baja;Graffiti;Simple;Peque¤o;Negro;Neutros;Alta;Alta;Monocrom tico;Resistencia social, Pol¡tica;Individual;Expl¡cita;S¡;S¡mbolo de anarquismo;Anarquismo ;No;S¡;Temporal;Regular;Ninguno;Ninguna;1
60;Calle;P£blico;Alta;Muro Transitorio;Baja;Graffiti;Simple;Peque¤o;Blanco;Neutros;Media;Media;Monocrom tico;Tags;Individual;Abstracta;No;Tags;Ninguna identificable;No;No;Temporal;Regular;Ninguno;Ninguna;1
61;Calle;P£blico;Alta;Muro Transitorio;Baja;Graffiti;Simple;Mediano;Azul;Fr¡os;Media;Alta;Monocrom tico;Arte Abstracto;Individual;Abstracta;S¡;Corona;Ninguna identificable;No;No;Temporal;Regular;Ninguno;Ninguna;1
62;Calle;P£blico;Alta;Muro Transitorio;Baja;Graffiti;Simple;Peque¤o;Azul;Fr¡os;Media;Alta;Monocrom tico;Sexual;Individual;Expl¡cita;No;SS;Ninguna identificable;No;No;Temporal;Regular;Ninguno;Ninguna;1
63;Calle;P£blico;Alta;Muro Transitorio;Baja;Graffiti;Simple;Mediano;Negro;Neutros;Media;Media;Monocrom tico;Arte Abstracto;Individual;Abstracta;No;Ninguno claramente identificable.;Ninguna identificable;No;No;Temporal;Regular;Ninguno;Ninguna;1
64;Calle;P£blico;Alta;Muro privado;Baja;Graffiti;Simple;Peque¤o;Negro;Neutros;Baja;Media;Monocrom tico;Firma de artista, Arte Abstracto;Individual;Abstracta;No;Ninguno claramente identificable;Ninguna identificable;No;No;Temporal;Regular;Exposici¢n al clima;Ninguna;1
65;Calle;P£blico;Alta;Muro privado;Baja;Graffiti;Simple;Peque¤o;Negro;Neutros;Baja;Media;Monocrom tico;Arte Abstracto + Letras;Individual;Abstracta;No;estrella mal formada;Ninguna identificable;No;No;Temporal;Deteriorada;Desgaste del muro;Ninguna;1
66;Calle;P£blico;Baja;Muro privado;Baja;Graffiti;Simple;Peque¤o;Negro;Neutros;Media;Media;Monocrom tico;Letras;Individual;Abstracta;No;Ninguna evidente directamente;Ninguna identificable;No;No;Temporal;Regular;Exposici¢n al clima;Ninguna;1
67;Calle;P£blico;Baja;Muro privado;Baja;Graffiti;Simple;Peque¤o;Negro;Neutros;Media;Media;Monocrom tico;Letras;Individual;Abstracta;No;Ninguna evidente directamente;Ninguna identificable;No;No;Temporal;Regular;Exposici¢n al clima;Ninguna;1
68;Plaza;P£blico;Alta;Muro privado;Baja;Graffiti;Simple;Mediano;Rojo;C lidos;Media;Media;Monocrom tico;Letras;Individual;Expl¡cita;No;Ninguno evidente;Ninguna identificable;No;No;Temporal;Regular;Desgaste del muro;Ninguna;1
69;Plaza;P£blico;Alta;Muro privado;Baja;Graffiti;Simple;Mediano;Rojo;C lidos;Media;Media;Monocrom tico;Letras;Individual;Expl¡cita;No;Ninguno evidente;Ninguna identificable;No;No;Temporal;Regular;Desgaste del muro;Ninguna;1
70;Plaza;P£blico;Alta;Muro privado;Media;Graffiti;Intrincado;Grande;Multicolor;Fr¡os;Alta;Alta;Policrom tico;Naturaleza, Sexual, Amor, Resistencia social;Comunitario;Abstracta;S¡;Ojo, Rat¢n, Sexual, Amor, Corazones;Ninguna identificable;No;Si;Temporal;Regular;Vandalismo;Ninguna;1
71;Plaza;P£blico;Alta;Muro privado;Media;Graffiti;Intrincado;Grande;Multicolor;Fr¡os;Alta;Alta;Policrom tico;Sexual, Amor;Individual;Abstracta;No;Declaraci¢n de amor, Musica;Ninguna identificable;No;No;Temporal;Regular;Vandalismo;Ninguna;1
72;Plaza;P£blico;Alta;Muro privado;Media;Graffiti;Intrincado;Grande;Multicolor;Fr¡os;Alta;Alta;Policrom tico;Sexual, Letras, Arte Abstracto;Individual;Abstracta;No;Arte Abastracto, letras;Ninguna identificable;No;No;Temporal;Regular;Vandalismo;Ninguna;1
73;Plaza;P£blico;Alta;Muro privado;Media;Graffiti;Intrincado;Grande;Multicolor;Neutros;Alta;Alta;Policrom tico;Cultura pop, Letras, Arte Abstracto, Firma de artista, Sexual;Individual;Abstracta;No;"Videojuego ""Among Us"" + Sexual, palabras";Ninguna identificable;No;No;Temporal;Regular;Vandalismo;Ninguna;1
74;Plaza;P£blico;Alta;Muro privado;Media;Graffiti;Intrincado;Grande;Multicolor;Neutros;Alta;Alta;Policrom tico;Letras, Firma de artista;Individual;Abstracta;No;Letras MOP;Ninguna identificable;No;No;Temporal;Regular;Vandalismo;Ninguna;1
75;Plaza;P£blico;Alta;Muro privado;Media;Graffiti;Intrincado;Grande;Multicolor;Neutros;Alta;Alta;Policrom tico;Letras, Firma de artista;Individual;Abstracta;No;Declaraci¢n de amor, Letras;Ninguna identificable;No;No;Temporal;Regular;Vandalismo;Ninguna;1
76;Plaza;P£blico;Alta;Muro privado;Media;Graffiti;Intrincado;Grande;Multicolor;Neutros;Alta;Alta;Policrom tico;Letras, Firma de artista;Individual;Abstracta;No;Letras;Ninguna identificable;No;No;Temporal;Regular;Vandalismo;Ninguna;1
77;Plaza;P£blico;Alta;Muro privado;Media;Graffiti;Intrincado;Grande;Multicolor;Neutros;Alta;Alta;Policrom tico;Letras, Firma de artista, Sexual;Individual;Abstracta;No;Letras;Ninguna identificable;No;No;Temporal;Regular;Vandalismo;Ninguna;1
78;Plaza;P£blico;Alta;Muro privado;Media;Graffiti;Intrincado;Grande;Multicolor;Neutros;Alta;Alta;Policrom tico;Letras, Firma de artista, Sexual;Individual;Abstracta;No;Letras;Ninguna identificable;No;No;Temporal;Regular;Vandalismo;Ninguna;1
79;Plaza;P£blico;Alta;Muro privado;Media;Graffiti;Intrincado;Grande;Multicolor;Neutros;Alta;Alta;Policrom tico;Letras, Firma de artista, Sexual;Individual;Abstracta;No;Letras;Ninguna identificable;No;No;Temporal;Regular;Vandalismo;Ninguna;1
80;Plaza;P£blico;Alta;Muro privado;Media;Graffiti;Intrincado;Grande;Multicolor;Neutros;Alta;Alta;Policrom tico;Letras, Firma de artista, Sexual;Individual;Abstracta;No;Letras;Ninguna identificable;No;No;Temporal;Regular;Vandalismo;Ninguna;1
81;Plaza;P£blico;Alta;Muro privado;Media;Graffiti;Intrincado;Grande;Multicolor;Fr¡os;Media;Media;Policrom tico;Letras, Amor, Pol¡tica;Individual;Expl¡cita;S¡;Coraz¢n;Ninguna identificable;No;No;Temporal;Regular;Vandalismo;Ninguna;1
82;Plaza;P£blico;Alta;Muro privado;Media;Graffiti;Intrincado;Grande;Multicolor;Neutros;Media;Alta;Policrom tico;Amor;Individual;Expl¡cita;No;Coraz¢n;Ninguna identificable;No;Si;Temporal;Regular;Desgaste del muro;Ninguna;1
83;Plaza;P£blico;Alta;Muro privado;Media;Graffiti;Intrincado;Grande;Multicolor;Neutros;Media;Alta;Policrom tico;Amor;Individual;Expl¡cita;No;Coraz¢n;Ninguna identificable;No;No;Temporal;Regular;Ninguno;Ninguna;1
84;Plaza;P£blico;Alta;Muro privado;Media;Graffiti;Detallado;Grande;Multicolor;Fr¡os;Media;Media;Policrom tico;Naturaleza;Individual;Expl¡cita;S¡;Conejo;Ninguna identificable;No;No;Permanente;Regular;Vandalismo;Ninguna;0
85;Plaza;P£blico;Alta;Muro privado;Media;Graffiti;Detallado;Grande;Multicolor;Fr¡os;Media;Media;Policrom tico;Naturaleza;Individual;Expl¡cita;S¡;Conejo;Ninguna identificable;No;No;Permanente;Regular;Ninguno;Ninguna;0
86;Plaza;P£blico;Alta;Muro privado;Media;Graffiti;Intrincado;Grande;Negro;Neutros;Media;Alta;Monocrom tico;Amor;Individual;Expl¡cita;No;Familia, Coraz¢n;Ninguna identificable;No;No;Temporal;Regular;Ninguno;Ninguna;1
87;Plaza;P£blico;Alta;Muro privado;Media;Graffiti;Intrincado;Grande;Negro;Neutros;Media;Alta;Monocrom tico;Arte Abstracto, M£sica;Individual;Expl¡cita;No;Ninguno evidente;Ninguna identificable;No;No;Temporal;Regular;Ninguno;Ninguna;1
88;Plaza;P£blico;Alta;Muro privado;Media;Graffiti;Intrincado;Grande;Negro;Neutros;Media;Alta;Monocrom tico;Letras, Amor;Individual;Expl¡cita;No;Ninguno evidente;Ninguna identificable;No;No;Temporal;Regular;Ninguno;Ninguna;1
89;Plaza;P£blico;Alta;Muro privado;Media;Graffiti;Intrincado;Grande;Negro;Neutros;Media;Alta;Monocrom tico;Arte Abstracto, Amor;Individual;Expl¡cita;No;Ninguno evidente;Ninguna identificable;No;No;Temporal;Regular;Ninguno;Ninguna;1
90;Plaza;P£blico;Alta;Muro privado;Media;Graffiti;Intrincado;Grande;Negro;Neutros;Media;Alta;Monocrom tico;Arte Abstracto, Amor;Individual;Expl¡cita;No;Ninguno evidente;Ninguna identificable;No;No;Temporal;Regular;Ninguno;Ninguna;1
91;Plaza;P£blico;Alta;Muro privado;Media;Graffiti;Intrincado;Grande;Multicolor;Neutros;Media;Alta;Policrom tico;Letras, Amor, Arte Abstracto;Individual;Abstracta;No;Ninguno evidente;Ninguna identificable;No;No;Temporal;Regular;Vandalismo;Ninguna;1
92;Plaza;P£blico;Media;Muro p£blico;Media;Graffiti;Simple;Peque¤o;Negro;Neutros;Alta;Baja;Monocrom tico;Letras, Arte Abstracto, Sexual, Amor;Individual;Abstracta;No;Ninguno claramente identificable;Ninguna identificable;No;No;Temporal;Regular;Exposici¢n al clima;Ninguna;1
93;Calle;P£blico;Alta;Muro privado;Baja;Graffiti;Simple;Peque¤o;Azul;Fr¡os;Media;Alta;Monocrom tico;Firma de artista;Individual;Abstracta;No;Miembro reproductor masculino;Ninguna identificable;No;No;Temporal;Buena;Ninguno;Ninguna;1
94;Calle;P£blico;Media;Muro privado;Baja;Graffiti;Simple;Peque¤o;Gris;Neutros;Baja;Baja;Monocrom tico;Arte Abstracto;Individual;Abstracta;No;Ninguno identificable;Ninguna identificable;No;No;Temporal;Deteriorada;Exposici¢n al clima;Ninguna;1
95;Calle;P£blico;Alta;Muro privado;Baja;Graffiti;Simple;Peque¤o;Gris ;Neutros;Baja;Baja;Monocrom tico;Arte Abstracto;Individual;Abstracta;No;Ninguno identificable;Ninguna identificable;No;No;Temporal;Deteriorada;Desgaste del muro;Ninguna;1
96;Plaza;P£blico;Alta;Muro privado;Baja;Minimalismo;Detallado;Grande;Negro;Neutros;Alta;Alta;Monocrom tico;Amor;Comunitario;Expl¡cita;S¡;Pareja en Columpio;Occidental;Si;No;Permanente;Buena;Ninguno;Frecuente;0
97;Plaza;P£blico;Alta;Muro privado;Baja;Minimalismo;Detallado;Grande;Negro;Neutros;Alta;Alta;Monocrom tico;Amor;Comunitario;Expl¡cita;S¡;Gatos en la luna;Occidental;Si;No;Permanente;Buena;Ninguno;Frecuente;0
98;Plaza;P£blico;Alta;Muro privado;Baja;Minimalismo;Detallado;Grande;Multicolor;Neutros;Alta;Alta;Policrom tico;Naturaleza;Comunitario;Expl¡cita;S¡;Arbol;Occidental;No;No;Permanente;Buena;Ninguno;Frecuente;0
99;Plaza;P£blico;Alta;Muro privado;Baja;Minimalismo;Detallado;Grande;Negro;Neutros;Alta;Alta;Monocrom tico;Amor;Comunitario;Expl¡cita;S¡;Gatos nocturnos;Occidental;Si;No;Permanente;Buena;Ninguno;Frecuente;0
100;Plaza;P£blico;Alta;Muro privado;Baja;Minimalismo;Detallado;Grande;Negro;Neutros;Alta;Alta;Monocrom tico;Naturaleza;Comunitario;Expl¡cita;S¡;Flores y pajaros;Occidental;No;No;Permanente;Buena;Ninguno;Frecuente;0
101;Calle;P£blico;Alta;Muro privado;Media;Graffiti;Simple;Peque¤o;Verde;Neutros;Media;Media;Monocrom tico;Firma de artista;Individual;Abstracta;No;"Palabra ""SUPA"" (posible pseud¢nimo o firma).";Occidental;No;No;Temporal;Regular;Exposici¢n al clima;Ninguna;1
102;Terreno abierto;Semi-privado;Baja;Muro privado;Baja;Graffiti;Simple;Peque¤o;Azul;Fr¡os;Media;Media;Monocrom tico;Firma de artista;Individual;Abstracta;No;Ninguno identificable;Ninguna identificable;No;No;Temporal;Regular;Desgaste del muro;Ninguna;1
103;Terreno abierto;Semi-privado;Baja;Muro privado;Baja;Graffiti;Simple;Peque¤o;Multicolor;Fr¡os;Baja;Media;Monocrom tico;Firma de artista;Individual;Abstracta;No;Ninguno identificable;Ninguna identificable;No;No;Temporal;Deteriorada;Desgaste del muro;Ninguna;1
104;Terreno abierto;Semi-privado;Baja;Muro privado;Baja;Graffiti;Simple;Peque¤o;Azul;Fr¡os;Baja;Baja;Monocrom tico;Firma de artista;Individual;Abstracta;No;Ninguno identificable;Ninguna identificable;No;No;Temporal;Deteriorada;Desgaste del muro;Ninguna;1
105;Terreno abierto;Semi-privado;Baja;Muro privado;Baja;Graffiti;Simple;Peque¤o;Morado;Fr¡os;Baja;Baja;Monocrom tico;Firma de artista;Individual;Abstracta;No;Ninguno identificable;Ninguna identificable;No;No;Temporal;Deteriorada;Desgaste del muro;Ninguna;1
106;Terreno abierto;Semi-privado;Baja;Muro privado;Baja;Graffiti;Simple;Peque¤o;Morado;Fr¡os;Baja;Baja;Monocrom tico;Firma de artista;Individual;Abstracta;No;Ninguno identificable;Ninguna identificable;No;No;Temporal;Deteriorada;Desgaste del muro;Ninguna;1
107;Terreno abierto;Semi-privado;Baja;Muro privado;Baja;Graffiti;Simple;Peque¤o;Negro;Neutros;Baja;Baja;Monocrom tico;Firma de artista;Individual;Abstracta;No;Ninguno identificable;Ninguna identificable;No;No;Temporal;Deteriorada;Desgaste del muro;Ninguna;1
108;Terreno abierto;Semi-privado;Baja;Muro privado;Baja;Graffiti;Simple;Peque¤o;Negro;Neutros;Baja;Media;Monocrom tico;Firma de artista;Individual;Abstracta;No;Ninguno identificable;Ninguna identificable;No;No;Temporal;Deteriorada;Desgaste del muro;Ninguna;1
109;Terreno abierto;Semi-privado;Baja;Muro privado;Baja;Graffiti;Simple;Peque¤o;Negro;Neutros;Baja;Media;Monocrom tico;Firma de artista;Individual;Abstracta;No;Ninguno identificable;Ninguna identificable;No;No;Temporal;Deteriorada;Desgaste del muro;Ninguna;1
110;Terreno abierto;Semi-privado;Media;Muro privado;Baja;Graffiti;Detallado;Mediano;Azul;Fr¡os;Media;Media;Policrom tico;Cultura pop;Individual;Abstracta;No;Dibujo conejo;Occidental;No;No;Temporal;Regular;Exposici¢n al clima;Ninguna;1
111;Terreno abierto;Semi-privado;Media;Muro privado;Baja;Graffiti;Simple;Mediano;Blanco;Fr¡os;Media;Media;Monocrom tico;Firma de artista;Individual;Abstracta;No;Ninguno identificable;Ninguna identificable;No;No;Temporal;Regular;Exposici¢n al clima;Ninguna;1
112;Terreno abierto;Semi-privado;Media;Muro privado;Baja;Graffiti;Detallado;Mediano;Multicolor;Fr¡os;Media;Media;Policrom tico;Cultura pop;Individual;Abstracta;No;Alien;Occidental;No;No;Temporal;Regular;Exposici¢n al clima;Ninguna;1
113;Terreno abierto;Semi-privado;Media;Muro privado;Baja;Graffiti;Simple;Mediano;Azul;Fr¡os;Media;Media;Monocrom tico;Firma de artista;Individual;Abstracta;No;Ninguno identificable;Ninguna identificable;No;No;Temporal;Deteriorada;Exposici¢n al clima;Ninguna;1
114;Calle;P£blico;Alta;Muro privado;Media;Graffiti;Simple;Peque¤o;Rojo;C lidos;Media;Alta;Monocrom tico;Letras;Individual;Expl¡cita;No;Letras estilizadas;Ninguna identificable;No;No;Temporal;Regular;Exposici¢n al clima;Ninguna;1
115;Calle;P£blico;Alta;Muro privado;Media;Graffiti;Detallado;Grande;Multicolor;Fr¡os;Media;Alta;Policrom tico;Arte Abstracto;Individual;Abstracta;No;Letras estilizadas;Oriental;No;No;Temporal;Regular;Ninguno;Ninguna;1
116;Calle;P£blico;Alta;Muro privado;Media;Graffiti;Detallado;Grande;Multicolor;Fr¡os;Media;Alta;Policrom tico;Arte Abstracto;Individual;Abstracta;S¡;Humano silvando;Oriental;No;No;Temporal;Regular;Ninguno;Ninguna;1
117;Calle;P£blico;Alta;Muro privado;Media;Graffiti;Simple;Mediano;Negro;Neutros;Baja;Media;Monocrom tico;Firma de artista;Individual;Abstracta;No;Letras estilizadas;Ninguna identificable;No;No;Temporal;Regular;Exposici¢n al clima;Ninguna;1
118;Calle;P£blico;Alta;Muro privado;Media;Abstracto;Detallado;Grande;Multicolor;Neutros;Media;Media;Policrom tico;Firma de artista, Naturaleza;Comunitario;Abstracta;S¡; rbol y el gato;Ninguna identificable;No;No;Permanente;Buena;Exposici¢n al clima;Ninguna;0
119;Calle;P£blico;Alta;Muro privado;Media;Abstracto;Detallado;Grande;Multicolor;Neutros;Media;Media;Policrom tico;Naturaleza, Mitolog¡a, arte Abstracto;Comunitario;Abstracta;S¡; rbol y el gato;Ninguna identificable;No;No;Permanente;Buena;Exposici¢n al clima;Ninguna;0
120;Calle;P£blico;Alta;Muro privado;Media;Abstracto;Detallado;Grande;Multicolor;Neutros;Media;Media;Policrom tico;Firma de artista, Naturaleza, arte Abstracto;Comunitario;Abstracta;S¡; rbol y el gato;Ninguna identificable;No;No;Permanente;Buena;Exposici¢n al clima;Ninguna;0
121;Calle;P£blico;Alta;Muro privado;Media;Abstracto;Detallado;Grande;Multicolor;Neutros;Media;Media;Policrom tico;Firma de artista, Letras, arte Abstracto;Individual;Abstracta;No;Ninguno evidente;Occidental;No;No;Permanente;Buena;Exposici¢n al clima;Ninguna;0
122;Calle;P£blico;Alta;Muro privado;Media;Abstracto;Detallado;Grande;Multicolor;Neutros;Media;Media;Policrom tico;Letras, arte Abstracto;Individual;Abstracta;No;Ninguno evidente;Occidental;No;No;Permanente;Buena;Ninguno;Ninguna;0
123;Calle;P£blico;Alta;Muro privado;Media;Abstracto;Detallado;Grande;Multicolor;Neutros;Media;Media;Policrom tico;Letras, arte Abstracto;Individual;Abstracta;No;Ninguno evidente;Occidental;No;No;Permanente;Buena;Vandalismo;Ninguna;0
124;Calle;P£blico;Alta;Muro privado;Media;Abstracto;Detallado;Grande;Multicolor;Neutros;Media;Media;Policrom tico;Letras, arte Abstracto;Individual;Abstracta;No;Ninguno evidente;Occidental;No;No;Permanente;Buena;Ninguno;Ninguna;0
125;Calle;P£blico;Alta;Muro privado;Media;Graffiti;Detallado;Mediano;Multicolor;Neutros;Baja;Baja;Policrom tico;Letras;Individual;Abstracta;No;Ninguno evidente;Occidental;No;No;Temporal;Deteriorada;Vandalismo;Ninguna;1
126;Calle;P£blico;Alta;Muro privado;Media;Graffiti;Simple;Mediano;Negro;Neutros;Baja;Alta;Monocrom tico;Letras;Individual;Abstracta;No;Ninguno evidente;Ninguna identificable;No;No;Temporal;Deteriorada;Exposici¢n al clima;Ninguna;1
127;Calle;P£blico;Alta;Muro privado;Media;Graffiti;Simple;Peque¤o;Negro;Neutros;Baja;Baja;Monocrom tico;Letras;Individual;Abstracta;No;Ninguno evidente;Ninguna identificable;No;No;Temporal;Deteriorada;Exposici¢n al clima;Ninguna;1
128;Calle;P£blico;Alta;Muro privado;Media;Graffiti;Detallado;Mediano;Multicolor;Neutros;Baja;Alto;Policrom tico;Letras;Individual;Abstracta;No;Letras estilizadas;Occidental;No;No;Temporal;Deteriorada;Exposici¢n al clima;Ninguna;1
129;Calle;P£blico;Alta;Muro privado;Media;Graffiti;Simple;Peque¤o;Negro;Neutros;Baja;Baja;Monocrom tico;Firma de artista;Individual;Abstracta;No;Ninguno evidente;Ninguna identificable;No;No;Temporal;Deteriorada;Exposici¢n al clima;Ninguna;1
130;Calle;P£blico;Alta;Muro privado;Media;Graffiti;Detallado;Mediano;Multicolor;Neutros;Baja;Baja;Policrom tico;Letras;Individual;Abstracta;No;Letras estilizadas;Occidental;No;No;Temporal;Deteriorada;Exposici¢n al clima;Ninguna;1
131;Calle;P£blico;Alta;Muro privado;Media;Graffiti;Detallado;Mediano;Multicolor;Neutros;Baja;Alta;Policrom tico;Letras;Individual;Abstracta;No;Letras estilizadas;Occidental;No;No;Temporal;Regular;Exposici¢n al clima;Ninguna;1
132;Calle;P£blico;Alta;Muro privado;Media;Graffiti;Simple;Mediano;Negro;Neutros;Baja;Baja;Monocrom tico;Letras, Sexual;Individual;Expl¡cita;No;Dibujos sencillos como rostros y trazos.;Occidental;No;S¡;Temporal;Deteriorada;Exposici¢n al clima;Ninguna;1
133;Calle;P£blico;Alta;Muro privado;Media;Graffiti;Simple;Mediano;Multicolor;Neutros;Baja;Baja;Monocrom tico;Letras, arte Abstracto;Individual;Expl¡cita;No;Ninguno evidente;Ninguna identificable;No;No;Temporal;Regular;Vandalismo;Ninguna;1
134;Calle;P£blico;Alta;Muro privado;Media;Graffiti;Simple;Mediano;Negro;Neutros;Baja;Baja;Monocrom tico;Resistencia social;Individual;Expl¡cita;No;Ninguno evidente;Ninguna identificable;No;S¡;Temporal;Deteriorada;Vandalismo;Ninguna;1
135;Calle;P£blico;Alta;Muro privado;Media;Graffiti;Simple;Mediano;Multicolor;Neutros;Baja;Baja;Policrom tico;Resistencia social, Letras;Individual;Expl¡cita;No;Ninguno evidente;Ninguna identificable;No;S¡;Temporal;Deteriorada;Exposici¢n al clima;Ninguna;1
136;Calle;P£blico;Alta;Muro privado;Media;Graffiti;Simple;Mediano;Negro;Fr¡os;Baja;Baja;Monocrom tico;Letras;Individual;Expl¡cita;No;Ninguno evidente;Ninguna identificable;No;No;Temporal;Deteriorada;Exposici¢n al clima;Ninguna;1
137;Calle;P£blico;Alta;Muro privado;Media;Graffiti;Simple;Mediano;Negro;Neutros;Baja;Baja;Monocrom tico;Cultura pop;Individual;Expl¡cita;S¡;Homero Simpsons;Occidental;No;No;Temporal;Deteriorada;Exposici¢n al clima;Ninguna;1
138;Calle;P£blico;Alta;Muro privado;Media;Graffiti;Simple;Peque¤o;Multicolor;Neutros;Baja;Baja;Policrom tico;Letras, arte Abstracto;Individual;Expl¡cita;No;Ninguno evidente;Ninguna identificable;No;No;Temporal;Deteriorada;Vandalismo;Ninguna;1
139;Calle;P£blico;Alta;Muro privado;Media;Graffiti;Intrincado;Peque¤o;Negro;Neutros;Media;Baja;Monocrom tico;Firma de artista;Individual;Expl¡cita;No;Ninguno evidente;Ninguna identificable;No;No;Temporal;Regular;Vandalismo;Ninguna;1
140;Calle;P£blico;Alta;Muro privado;Media;Graffiti;Intrincado;Grande;Multicolor;Neutros;Baja;Baja;Policrom tico;Amor, Letras, arte Abstracto;Individual;Abstracta;No;Ninguno evidente;Ninguna identificable;No;No;Temporal;Regular;Vandalismo;Ninguna;1
141;Calle;P£blico;Alta;Muro privado;Media;Graffiti;Intrincado;Mediano;Multicolor;Neutros;Baja;Baja;Policrom tico;Firma de artista, Letras, arte Abstracto;Individual;Expl¡cita;No;Ninguno evidente;Ninguna identificable;No;No;Temporal;Regular;Vandalismo;Ninguna;1
142;Calle;P£blico;Alta;Muro privado;Media;Graffiti;Intrincado;Mediano;Negro;Neutros;Baja;Baja;Monocrom tico;arte Abstracto;Individual;Abstracta;No;Ninguno evidente;Ninguna identificable;No;No;Temporal;Regular;Vandalismo;Ninguna;1
143;Calle;P£blico;Alta;Muro privado;Media;Graffiti;Intrincado;Peque¤o;Negro;Neutros;Baja;Alta;Monocrom tico;Resistencia social;Individual;Expl¡cita;No;Ninguno evidente;Ninguna identificable;No;S¡;Temporal;Regular;Vandalismo;Ninguna;1
144;Calle;P£blico;Alta;Muro privado;Media;Graffiti;Intrincado;Grande;Multicolor;Neutros;Baja;Alta;Policrom tico;Amor;Individual;Expl¡cita;S¡;Coraz¢n;Ninguna identificable;No;No;Temporal;Regular;Vandalismo;Ninguna;1
145;Calle;P£blico;Alta;Muro privado;Media;Graffiti;Intrincado;Grande;Multicolor;Neutros;Baja;Alta;Policrom tico;Pol¡tica, F£tbol, Firma de artista;Individual;Expl¡cita;No;Simbolo Nazi;Occidental;No;S¡;Temporal;Regular;Vandalismo;Ninguna;1
146;Calle;P£blico;Alta;Muro privado;Media;Graffiti;Intrincado;Grande;Multicolor;Fr¡os;Alta;Alta;Policrom tico;Letras, Sexual, Firma de artista, arte Abstracto;Individual;Abstracta;S¡;Ninguno evidente;Ninguna identificable;No;No;Temporal;Regular;Vandalismo;Ninguna;1
147;Calle;P£blico;Alta;Muro privado;Media;Graffiti;Intrincado;Grande;Multicolor;Neutros;Alta;Alta;Policrom tico;Pol¡tica, Firma de artista;Individual;Expl¡cita;No;Simbolo Nazi;Occidental;No;S¡;Temporal;Regular;Vandalismo;Ninguna;1
148;Calle;P£blico;Alta;Muro privado;Media;Graffiti;Detallado;Grande;Multicolor;Fr¡os;Alta;Alta;Policrom tico;Firma de artista, Letras;Individual;Abstracta;No;Letras estilizadas;Ninguna identificable;No;No;Temporal;Buena;Ninguno;Ninguna;1
149;Calle;P£blico;Alta;Muro privado;Media;Graffiti;Simple;Grande;Multicolor;Fr¡os;Alta;Alta;Policrom tico;arte Abstracto, Letras;Individual;Abstracta;No;Letras estilizadas;Ninguna identificable;No;No;Temporal;Buena;Ninguno;Ninguna;1
150;Calle;P£blico;Alta;Muro privado;Media;Graffiti;Detallado;Grande;Multicolor;Fr¡os;Alta;Alta;Policrom tico;Firma de artista, n£meros;Individual;Abstracta;No;mensaje cifrado;Ninguna identificable;No;No;Temporal;Buena;Ninguno;Ninguna;1
151;Calle;P£blico;Alta;Muro privado;Media;Graffiti;Simple;Grande;Multicolor;Neutros;Alta;Alta;Policrom tico;Pol¡tica, Letras;Individual;Expl¡cita;No;Simbolo Nazi;Occidental;No;S¡;Temporal;Buena;Vandalismo;Ninguna;1
152;Calle;P£blico;Alta;Muro privado;Media;Graffiti;Simple;Mediano;Negro, naranja y blanco;Neutros;Baja;Media;Policrom tico;Resistencia social, Pol¡tica, Letras, Sexual;Comunitario;Expl¡cita;No;cruz gamada y otros s¡mbolos pol¡ticos;Occidental;No;S¡;Temporal;Regular;Vandalismo;Ninguna;1
153;Calle;P£blico;Alta;Muro privado;Media;Graffiti;Simple;Mediano;Negro y rojo;Neutros;Baja;Media;Policrom tico;Resistencia social, Pol¡tica, Sexual;Individual;Expl¡cita;No;La cruz gamada y otros s¡mbolos menores.;Occidental;No;S¡;Temporal;Regular;Vandalismo;Ninguna;1
154;Calle;P£blico;Alta;Muro privado;Media;Graffiti;Detallado;Mediano;Rojo, negro y azul;Fr¡os;Media;Media;Policrom tico;Firma de artista, Letras;Individual;Expl¡cita;No;Letras;Occidental;No;No;Temporal;Deteriorada;Exposici¢n al clima;Ninguna;1
155;Calle;P£blico;Alta;Muro privado;Media;Graffiti;Simple;Mediano;Azul, negro, y tonos claros;Fr¡os;Media;Media;Policrom tico;Cultura pop, Firma de artista, Letras;Individual;Expl¡cita;No;manos pintadas y Messi;Occidental;No;No;Temporal;Buena;Exposici¢n al clima;Ninguna;1
156;Calle;P£blico;Baja;Muro privado;Media;Graffiti;Simple;Peque¤o;Rojo;C lidos;Media;Baja;Monocrom tico;Firma de artista;Individual;Expl¡cita;No;firma ;Occidental;No;No;Temporal;Buena;Ninguno;Ninguna;1
157;Calle;P£blico;Baja;Muro privado;Baja;Graffiti;Simple;Mediano;Negro;Neutros;Alta;Alta;Monocrom tico;Letras, Amor;Individual;Expl¡cita;No;tipograf¡a g¢tica;Occidental;No;No;Temporal;Buena;Ninguno;Ninguna;1
158;Plaza;P£blico;Media;Muro privado;Baja;Graffiti;Simple;Mediano;Verde, azul;Neutros;Media;Baja;Policrom tico;Letras, Arte Abstracto;Comunitario;Abstracta;No;s¡mbolos o letras;Ninguna identificable;No;No;Temporal;Buena;Exposici¢n al clima;Ninguna;1
159;Plaza;P£blico;Media;Muro privado;Baja;Graffiti;Simple;Peque¤o;Negro;Neutros;Alta;Alta;Monocrom tico;Firma de artista, Letras;Individual;Abstracta;No;Solo letras;Ninguna identificable;No;No;Temporal;Buena;Exposici¢n al clima;Ninguna;1
160;Plaza;P£blico;Media;Muro privado;Baja;Graffiti;Detallado;Grande;Rojo, negro, amarillo;Neutros;Media;Media;Policrom tico;Resistencia social, Pol¡tica, Cultura pop, Letras, Sexual, Amor;Comunitario;Abstracta;S¡;Algunos signos y frases;Ninguna identificable;No;S¡;Temporal;Regular;Vandalismo;Ninguna;1
161;Plaza;P£blico;Media;Muro privado;Baja;Graffiti;Simple;Mediano;Negro;Neutros;Baja;Media;Monocrom tico;Letras, Amor;Individual;Expl¡cita;No;"frase ""Amor Propio""";Occidental;No;No;Temporal;Regular;Exposici¢n al clima;Ninguna;1
162;Cancha deportiva;Semi-privado;Alta;Muro p£blico;Media;Graffiti;Detallado;Grande;Amarillo, azul, verde y rojo;Neutros;Media;Media;Policrom tico;F£tbol, Educaci¢n;Comunitario;Expl¡cita;S¡;geom‚tricas y abstractas;Occidental;No;No;Permanente;Regular;Exposici¢n al clima;Ocasional;0
163;Plaza;P£blico;Alta;Muro privado;Baja;Graffiti;Simple;Peque¤o;Negro y gris;Neutros;Baja;Baja;Monocrom tico;Letras, Amor, Drogas;Individual;Expl¡cita;No;Nombres y s¡mbolos;Ninguna identificable;No;No;Temporal;Buena;Exposici¢n al clima;Ninguna;1
164;Calle;Semi-privado;Baja;Muro privado;Baja;Surrealismo;Detallado;Grande;Verde, rosa, amarillo y negro;C lidos;Alta;Alta;Policrom tico;Firma de artista, Arte Abstracto;Individual;Abstracta;S¡;Una mano que emite luz y un rostro;Ninguna identificable;No;No;Permanente;Buena;Exposici¢n al clima;Ninguna;1
165;Calle;P£blico;Alta;Muro privado;Alta;Graffiti;Detallado;Grande;Blanco, burdeos y verde;Neutros;Alta;Media;Policrom tico;Naturaleza, Firma de artista;Individual;Abstracta;S¡;La rana y humor;Ninguna identificable;No;No;Temporal;Buena;Ninguno;Ninguna;1
166;Calle;P£blico;Alta;Muro privado;Alta;Graffiti;Detallado;Grande;Blanco, negro, azul y tonos terrosos;Neutros;Alta;Alta;Policrom tico;Mitolog¡a, Naturaleza, Firma de artista, Letras, Amor;Comunitario;Abstracta;S¡;patrones geom‚tricos;Ninguna identificable;No;No;Temporal;Regular;Exposici¢n al clima;Ninguna;1
167;Calle;P£blico;Alta;Muro privado;Alta;Graffiti;Simple;Peque¤o;Negro ;C lidos;Alta;Alta;Monocrom tico;Cultura pop, Firma de artista, Arte Abstracto;Individual;Abstracta;No;No se identifican;Ninguna identificable;No;No;Temporal;Buena;Ninguno;Ninguna;1
168;Calle;P£blico;Media;Muro privado;Alta;Graffiti;Detallado;Mediano;Negro;C lidos;Alta;Alta;Monocrom tico;Naturaleza, Firma de artista;Individual;Expl¡cita;S¡;Cats;Ninguna identificable;No;No;Temporal;Buena;Exposici¢n al clima;Ninguna;1
169;Plaza;P£blico;Alta;Muro privado;Alta;Graffiti;Detallado;Grande;Naranja, verde, azul;Neutros;Alta;Alta;Policrom tico;Firma de artista, Letras, Arte Abstracto;Comunitario;Abstracta;S¡;Los ojos y el retrato;influencias culturales latinas;No;S¡;Temporal;Regular;Exposici¢n al clima;Ocasional;0
170;Plaza;P£blico;Baja;Muro privado;Alta;Graffiti;Intrincado;Mediano;Verde, amarillo, blanco y negro;Fr¡os;Alta;Baja;Policrom tico;Firma de artista, Letras, Amor;Individual;Expl¡cita;S¡;"palabras como ""M"" y ""CA"",";Ninguna identificable;No;No;Temporal;Regular;Vandalismo;Ninguna;1
171;l¡nea del tren;Semi-privado;Alta;Muro privado;Media;Graffiti;Simple;Mediano;verde y amarillo;Fr¡os;Alta;Media;Policrom tico;Firma de artista;Individual;Abstracta;No;letras estilizadas;Ninguna identificable;No;No;Temporal;Regular;Exposici¢n al clima;Ninguna;1
172;l¡nea del tren;Semi-privado;Media;Muro privado;Baja;Graffiti;Simple;Peque¤o;verde;C lidos;Media;Media;Monocrom tico;Firma de artista;Individual;Expl¡cita;No;letras estilizadas;Occidental;No;No;Temporal;Regular;Exposici¢n al clima;Ninguna;1
173;Calle;P£blico;Alta;Muro privado;Baja;Graffiti;Simple;Peque¤o;Verde y Blanco;Neutros;Alta;Alta;Monocrom tico;Firma de artista, Letras;Individual;Expl¡cita;No;Letras estilizadas;Occidental;No;No;Temporal;Regular;Ninguno;Ninguna;1
174;Plaza;P£blico;Alta;Muro privado;Baja;Graffiti;Simple;Peque¤o;verde;C lidos;Alta;Alta;Monocrom tico;Firma de artista;Individual;Abstracta;No;letras;Ninguna identificable;No;No;Temporal;Regular;Exposici¢n al clima;Ninguna;1
175;Calle;P£blico;Baja;Muro privado;Baja;Graffiti;Detallado;Mediano;Amarillo, Negro, Azul y Blanco;Neutros;Media;Alta;Policrom tico;Cultura pop, Firma de artista, Letras, M£sica;Individual;Abstracta;S¡;Hombre con casco;Occidental;No;No;Permanente;Buena;Exposici¢n al clima;Ninguna;1
176;Calle;P£blico;Baja;Muro privado;Baja;Graffiti;Detallado;Grande;negro y blanco;C lidos;Baja;Baja;Policrom tico;Cultura pop;Individual;Abstracta;S¡;Dos rostros;Ninguna identificable;No;No;Temporal;Deteriorada;Exposici¢n al clima;Ninguna;1
177;Calle;P£blico;Baja;Muro privado;Baja;Graffiti;Simple;Mediano;blanco;Fr¡os;Baja;Baja;Monocrom tico;F£tbol;Comunitario;Expl¡cita;No;Dale Le¢n (deportes Copiap¢);Local;No;S¡;Temporal;Deteriorada;Exposici¢n al clima;Ninguna;1
178;l¡nea del tren;Semi-privado;Baja;Muro privado;Baja;Graffiti;Detallado;Grande;Mixto;Neutros;Baja;Alta;Policrom tico;Letras, Arte Abstracto;Individual;Abstracta;No;Letras estilizadas;Occidental;No;No;Temporal;Regular;Exposici¢n al clima;Ninguna;1
179;l¡nea del tren;Semi-privado;Baja;Muro privado;Baja;Graffiti;Intrincado;Grande;Azul, Amarillo, Negro;C lidos;Baja;Baja;Policrom tico;Firma de artista, Letras, Arte Abstracto;Individual;Abstracta;No;Letras;Occidental;No;No;Temporal;Deteriorada;Por vegetaci¢n;Ninguna;1
180;l¡nea del tren;Semi-privado;Baja;Muro privado;Baja;Graffiti;Intrincado;Grande;Naranjo, amarillo, azul y negro;Neutros;Alta;Alta;Policrom tico;Firma de artista, Letras;Individual;Abstracta;No;Letras;Occidental;No;No;Temporal;Deteriorada;Exposici¢n al clima;Ninguna;1
181;Calle;P£blico;Media;Muro privado;Baja;Graffiti;Simple;Mediano;negro;C lidos;Baja;Media;Monocrom tico;Resistencia social, Letras, Amor, M£sica;Individual;Expl¡cita;No;Ninguno;Ninguna identificable;No;No;Temporal;Deteriorada;Desgaste del muro;Ninguna;1
182;Calle;P£blico;Media;Muro privado;Baja;Graffiti;Simple;Mediano;Negro;C lidos;Alta;Media;Monocrom tico;Firma de artista, Letras;Comunitario;Expl¡cita;No;Ni¤o;Ninguna identificable;No;No;Temporal;Regular;Exposici¢n al clima;Ninguna;1
183;Plaza;P£blico;Alta;Muro privado;Media;Graffiti;Simple;Peque¤o;Negro, verede;C lidos;Alta;Alta;Policrom tico;Firma de artista, Letras;Individual;Expl¡cita;No;ninguno;Ninguna identificable;No;S¡;Temporal;Regular;Ninguno;Ninguna;1
184;Plaza;P£blico;Media;Muro privado;Baja;Graffiti;Simple;Peque¤o;azul;Fr¡os;Baja;Baja;Monocrom tico;F£tbol;Individual;Abstracta;No;ninguno;Ninguna identificable;No;No;Temporal;Deteriorada;Exposici¢n al clima;Ninguna;1
185;Plaza;P£blico;Media;Muro privado;Baja;Graffiti;Simple;Peque¤o;verde;Neutros;Media;Baja;Monocrom tico;Firma de artista;Individual;Abstracta;No;ninguno;Ninguna identificable;No;No;Temporal;Deteriorada;Exposici¢n al clima;Ninguna;1
186;Plaza;P£blico;Alta;Muro privado;Baja;Graffiti;Intrincado;Mediano;negro, blanco;Neutros;Media;Media;Monocrom tico;Firma de artista, Letras;Individual;Expl¡cita;No;rostro ;Ninguna identificable;No;No;Temporal;Regular;Vandalismo;Ninguna;1
187;Plaza;P£blico;Alta;Muro privado;Media;Graffiti;Intrincado;Mediano;negro;Neutros;Media;Media;Policrom tico;Resistencia social, Cultura pop, Firma de artista, Letras, Arte Abstracto, Sexual, Amor;Comunitario;Abstracta;S¡;fantasma, rostro, smile;Ninguna identificable;No;No;Temporal;Regular;Vandalismo;Ninguna;1
188;Plaza;P£blico;Baja;Muro privado;Baja;Graffiti;Simple;Peque¤o;azul;C lidos;Alta;Alta;Monocrom tico;Espiritualidad o religi¢n;Individual;Expl¡cita;No;ninguno;Ninguna identificable;S¡;No;Temporal;Regular;vegetacion;Ninguna;1
189;Plaza;P£blico;Baja;Muro privado;Baja;Graffiti;Simple;Grande;gris;C lidos;Baja;Baja;Monocrom tico;Pol¡tica;Individual;Expl¡cita;No;ninguno;Ninguna identificable;No;S¡;Temporal;Deteriorada;Exposici¢n al clima;Ninguna;1
190;Plaza;P£blico;Baja;Banca;Baja;Graffiti;Simple;Peque¤o;negro;C lidos;Alta;Alta;Monocrom tico;Letras, Vida sana;Individual;Expl¡cita;No;fruta;Ninguna identificable;No;No;Temporal;Regular;Exposici¢n al clima;Ninguna;1
191;Plaza;P£blico;Baja;Muro privado;Baja;Graffiti;Simple;Mediano;negro;C lidos;Media;Alta;Monocrom tico;Firma de artista, Letras, Arte Abstracto;Individual;Abstracta;No;ninguno;Ninguna identificable;No;No;Temporal;Regular;Vandalismo;Ninguna;1
192;Plaza;P£blico;Baja;Muro privado;Baja;Graffiti;Detallado;Mediano;rojo, blanco, negro;C lidos;Baja;Media;Policrom tico;Naturaleza;Comunitario;Abstracta;S¡;vaca;Ninguna identificable;No;No;Permanente;Deteriorada;Exposici¢n al clima;Ninguna;0
193;Plaza;P£blico;Alta;Muro privado;Baja;Graffiti;Simple;Mediano;negro, rojo, blanco, verde;C lidos;Media;Media;Policrom tico;Pol¡tica, Firma de artista, Letras, Arte Abstracto;Individual;Expl¡cita;No;ninguno;Ninguna identificable;No;No;Temporal;Regular;Exposici¢n al clima;Ninguna;1
194;Plaza;P£blico;Baja;Muro privado;Baja;Graffiti;Simple;Peque¤o;negro;C lidos;Media;Media;Monocrom tico;Firma de artista, Letras;Individual;Expl¡cita;No;ninguno;Ninguna identificable;No;No;Permanente;Regular;Ninguno;Ninguna;1
195;Plaza;P£blico;Alta;Muro privado;Baja;Graffiti;Simple;Peque¤o;negro;Neutros;Alta;Media;Monocrom tico;Pol¡tica;Individual;Expl¡cita;No;ninguno;Ninguna identificable;No;No;Temporal;Regular;Ninguno;Ninguna;1
196;Calle;P£blico;Baja;Muro privado;Baja;Graffiti;Simple;Mediano;negro;Neutros;Baja;Baja;Monocrom tico;Letras, Amor;Individual;Expl¡cita;No;ninguno;Ninguna identificable;No;No;Temporal;Deteriorada;Exposici¢n al clima;Ninguna;1
197;Plaza;P£blico;Alta;Muro privado;Baja;Graffiti;Simple;Mediano;rojo, verde;C lidos;Alta;Alta;Monocrom tico;Letras, F£tbol;Individual;Expl¡cita;No;logo GB;Ninguna identificable;No;No;Temporal;Buena;Ninguno;Ninguna;1
198;Calle;P£blico;Alta;Muro privado;Baja;Graffiti;Simple;Peque¤o;negro;C lidos;Alta;Alta;Monocrom tico;Pol¡tica;Individual;Expl¡cita;No;ninguno;Ninguna identificable;No;S¡;Temporal;Buena;Ninguno;Ninguna;1
199;Plaza;P£blico;Baja;Muro privado;Baja;Graffiti;Simple;Peque¤o;negro;C lidos;Alta;Media;Monocrom tico;Letras, Amor;Individual;Expl¡cita;No;ninguno;Ninguna identificable;No;No;Temporal;Regular;vegetacion;Ninguna;1
200;Plaza;P£blico;Media;Muro privado;Baja;Graffiti;Simple;Mediano;rojo;C lidos;Alta;Media;Monocrom tico;Amor;Individual;Abstracta;S¡;corazon;Ninguna identificable;No;No;Temporal;Regular;Exposici¢n al clima;Ninguna;1
201;Terreno eriazo;P£blico;Alta;Muro p£blico;Alta;Graffiti;Detallado;Mediano;verde, rojo, negro;C lidos;Baja;Media;Policrom tico;Letras;Individual;Abstracta;No;ninguno;Ninguna identificable;No;No;Temporal;Regular;Exposici¢n al clima;Ninguna;1
202;Terreno eriazo;P£blico;Baja;Muro privado;Baja;Graffiti;Detallado;Mediano;azul, verde;Fr¡os;Baja;Media;Policrom tico;Letras;Individual;Abstracta;No;ninguno;Ninguna identificable;No;No;Temporal;Regular;Ninguno;Ninguna;1
203;Iglesia;P£blico;Alta;Muro privado;Baja;Graffiti;Detallado;Monumental;mixto;Neutros;Alta;Alta;Policrom tico;Espiritualidad o religi¢n;Comunitario;Abstracta;S¡;uva, ni¤os, animales, arcoiris;Ninguna identificable;S¡;No;Permanente;Buena;Ninguno;Frecuente;0
204;Calle;P£blico;Alta;Muro privado;Media;Graffiti;Simple;Mediano;negro;C lidos;Alta;Alta;Monocrom tico;Firma de artista;Individual;Expl¡cita;No;ninguno;Ninguna identificable;No;No;Temporal;Buena;Ninguno;Ninguna;1
205;Iglesia;P£blico;Alta;Muro privado;Baja;Graffiti;Detallado;Monumental;mixto;Neutros;Alta;Alta;Policrom tico;Espiritualidad o religi¢n;Comunitario;Abstracta;S¡;uva, ni¤os, animales, arcoiris;Ninguna identificable;S¡;No;Permanente;Buena;Ninguno;Frecuente;0
206;Calle;P£blico;Alta;Muro privado;Media;Graffiti;Simple;Mediano;negro;C lidos;Media;Media;Monocrom tico;Pol¡tica;Individual;Expl¡cita;No;ninguno;Ninguna identificable;No;S¡;Temporal;Regular;Exposici¢n al clima;Ninguna;1
207;Plaza;P£blico;Media;Muro privado;Media;Graffiti;Detallado;Monumental;mixto;Fr¡os;Alta;Media;Policrom tico;Mitolog¡a, Naturaleza;Comunitario;Expl¡cita;S¡;animal prehistorico;Ninguna identificable;No;No;Permanente;Regular;Vandalismo;Ninguna;0
208;Plaza;P£blico;Media;Muro privado;Media;Graffiti;Simple;Mediano;negro;C lidos;Media;Alta;Monocrom tico;Resistencia social, Letras;Individual;Expl¡cita;No;ninguno;Ninguna identificable;No;No;Temporal;Regular;Censura;Ninguna;1
209;Calle;P£blico;Alta;Muro privado;Alta;Graffiti;Detallado;Monumental;mixto;Fr¡os;Alta;Alta;Policrom tico;Pol¡tica, Musica;Comunitario;Expl¡cita;No;Guitarra;Influencia Local;No;S¡;Temporal;Buena;Ninguno;Frecuente;0
210;Plaza;P£blico;Baja;Muro privado;Baja;Graffiti;Simple;Peque¤o;negro;C lidos;Media;Alta;Monocrom tico;Letras;Individual;Abstracta;No;ninguno;Ninguna identificable;No;No;Temporal;Regular;Ninguno;Ninguna;1
211;Escuela;P£blico;Alta;Muro privado;Media;Graffiti;Detallado;Grande;mixto;C lidos;Alta;Alta;Policrom tico;Educaci¢n;Comunitario;Expl¡cita;S¡;Animales;Ninguna identificable;No;No;Permanente;Buena;Ninguno;Ocasional;0
212;Plaza;P£blico;Baja;Muro privado;Baja;Graffiti;Simple;Peque¤o;negro;C lidos;Alta;Media;Monocrom tico;Firma de artista, F£tbol;Individual;Expl¡cita;No;ninguno;Ninguna identificable;No;No;Temporal;Regular;Exposici¢n al clima;Ninguna;1
213;Calle;P£blico;Baja;Muro privado;Baja;Graffiti;Simple;Peque¤o;negro;C lidos;Media;Media;Monocrom tico;Amor;Individual;Expl¡cita;No;ninguno;Ninguna identificable;No;No;Temporal;Regular;Exposici¢n al clima;Ninguna;1
214;Calle;Semi-privado;Baja;Muro privado;Baja;Graffiti;Simple;Peque¤o;negro;C lidos;Alta;Alta;Monocrom tico;Amor;Individual;Expl¡cita;No;ninguno;Ninguna identificable;No;No;Temporal;Buena;Ninguno;Ninguna;1
215;Plaza;P£blico;Alta;Muro privado;Baja;Graffiti;Simple;Grande;negro;C lidos;Alta;Alta;Monocrom tico;Firma de artista, Letras;Individual;Expl¡cita;No;ninguno;Ninguna identificable;No;No;Temporal;Buena;Exposici¢n al clima;Ninguna;1
216;Escuela;P£blico;Alta;Muro privado;Alta;Graffiti;Intrincado;Monumental;blanco, negro;Fr¡os;Baja;Alta;Monocrom tico;Mitolog¡a, Firma de artista, Letras;Individual;Abstracta;S¡;mano y ojo;Ninguna identificable;S¡;No;Temporal;Buena;Vandalismo;Ninguna;0
217;l¡nea del tren;Semi-privado;Media;Muro privado;Baja;Graffiti;Intrincado;Mediano;mixto;C lidos;Media;Media;Policrom tico;Cultura pop, Firma de artista, Letras, Arte Abstracto, Amor;Individual;Abstracta;No;ninguno;Occidental;No;No;Temporal;Deteriorada;Vandalismo;Ninguna;1
218;l¡nea del tren;Semi-privado;Media;Muro privado;Baja;Graffiti;Detallado;Monumental;mixto;Fr¡os;Media;Media;Policrom tico;Mitolog¡a, Naturaleza, Firma de artista, Letras, Arte Abstracto;Individual;Abstracta;S¡;Animal;Ninguna identificable;S¡;No;Temporal;Regular;Exposici¢n al clima;Ninguna;1
219;l¡nea del tren;Semi-privado;Media;Muro privado;Baja;Graffiti;Simple;Peque¤o;amarillo;C lidos;Alta;Media;Monocrom tico;Letras, Arte Abstracto;Individual;Abstracta;S¡;rostro;Ninguna identificable;No;No;Temporal;Regular;Censura;Ninguna;1
220;Calle;P£blico;Alta;Muro privado;Baja;Graffiti;Detallado;Monumental;Mixto;C lidos;Alta;Alta;Policrom tico;F£tbol;Individual;Expl¡cita;No;ninguno;Ninguna identificable;No;No;Permanente;Buena;Ninguno;Ninguna;0
221;Calle;P£blico;Baja;Muro privado;Baja;Graffiti;Simple;Mediano;rojo;C lidos;Alta;Media;Monocrom tico;Amor;Individual;Expl¡cita;No;ninguno;Ninguna identificable;No;No;Temporal;Regular;Desgaste del muro;Ninguna;1
222;Calle;P£blico;Alta;Muro privado;Alta;Graffiti;Simple;Peque¤o;rojo;C lidos;Alta;Alta;Monocrom tico;F£tbol;Comunitario;Expl¡cita;No;U;Influencia local;No;No;Temporal;Buena;Ninguno;Ninguna;1
223;Calle;P£blico;Alta;Muro privado;Alta;Graffiti;Detallado;Grande;mixto;C lidos;Alta;Alta;Policrom tico;Empresa;Individual;Expl¡cita;No;Perro;Ninguna identificable;No;No;Permanente;Buena;Ninguno;Ninguna;0
224;Estaci¢n de transporte;Restringido;Media;Vag¢n de tren;Baja;Graffiti;Detallado;Mediano;Mixto;Neutros;Alta;Alta;Policrom tico;Firma de artista, Letras;Individual;Abstracta;No;ninguno;Ninguna identificable;No;No;Temporal;Buena;Ninguno;Ninguna;1
225;Calle;P£blico;Alta;Muro privado;Baja;Graffiti;Detallado;Mediano;mixto;C lidos;Alta;Alta;Policrom tico;Firma de artista, Letras, N£meros;Individual;Expl¡cita;No;ninguno;Ninguna identificable;No;No;Temporal;Regular;Vandalismo;Ninguna;1
226;Estaci¢n de transporte;Restringido;Media;Muro privado;Baja;Graffiti;Detallado;Grande;mixto;Fr¡os;Alta;Media;Policrom tico;Mitolog¡a, Naturaleza, Espiritualidad o religi¢n;Comunitario;Abstracta;No;mujer;Ninguna identificable;No;No;Temporal;Regular;Exposici¢n al clima;Ninguna;1
227;Calle;P£blico;Alta;Muro privado;Media;Graffiti;Simple;Peque¤o;blanco;Fr¡os;Alta;Alta;Monocrom tico;Firma de artista;Individual;Expl¡cita;No;ninguno;Ninguna identificable;No;No;Temporal;Regular;Exposici¢n al clima;Ninguna;1
228;Calle;P£blico;Alta;Muro privado;Media;Graffiti;Simple;Mediano;negro;C lidos;Alta;Alta;Monocrom tico;Firma de artista, Arte Abstracto, M—sica;Individual;Abstracta;S¡;dibujo de rostro con 23 (jordan 23);Ninguna identificable;No;No;Temporal;Buena;Desgaste del muro;Ninguna;1
229;Plaza;P£blico;Alta;Muro privado;Alta;Graffiti;Simple;Grande;verde;C lidos;Alta;Alta;Policrom tico;Firma de artista, Letras;Individual;Abstracta;No;ninguno;Occidental;No;No;Temporal;Buena;Vandalismo;Ninguna;1
230;Plaza;P£blico;Alta;Calle;Alta;Graffiti;Simple;Mediano;blanco;C lidos;Alta;Alta;Monocrom tico;Resistencia social;Individual;Expl¡cita;S¡;simbolo mapuche;Ninguna identificable;No;S¡;Temporal;Buena;Ninguno;Ninguna;1
231;Calle;P£blico;Alta;Muro privado;Alta;Graffiti;Detallado;Monumental;Negro, Rojo, Blanco;C lidos;Alta;Alta;Policrom tico;Letras, Empresa, Deporte;Global;Expl¡cita;S¡;Cadenas;Occidental;No;S¡;Permanente;Buena;Ninguno;Ocasional;0
232;Plaza;P£blico;Alta;Muro privado;Alta;Graffiti;Detallado;Grande;verde, negro;C lidos;Alta;Alta;Policrom tico;Naturaleza;Individual;Abstracta;No;Dinosaurio;Occidental;No;No;Temporal;Buena;Ninguno;Ninguna;1
233;Calle;P£blico;Alta;Muro privado;Alta;Graffiti;Intrincado;Monumental;Blanco, NEgro;C lidos;Alta;Alta;Policrom tico;Mitolog¡a, Naturaleza, Firma de artista, Letras, Arte Abstracto;Individual;Abstracta;S¡;Hoja Marihuana;Occidental;No;No;Temporal;Buena;Ninguno;Ninguna;1
234;Calle;P£blico;Alta;Muro privado;Alta;Graffiti;Detallado;Monumental;naranjo, negro, Morado;C lidos;Alta;Media;Policrom tico;Mitolog¡a, Letras, Arte Abstracto;Individual;Abstracta;No;Manos;Occidental;No;No;Temporal;Buena;Desgaste del muro;Ninguna;1
235;Estaci¢n de transporte;P£blico;Alta;Muro privado;Alta;Graffiti;Detallado;Monumental;verde;C lidos;Alta;Alta;Policrom tico;Naturaleza, Letras, Empresa;Comunitario;Expl¡cita;S¡;Picaflor;Ind¡gena;No;No;Permanente;Buena;Ninguno;Frecuente;0
236;Estaci¢n de transporte;P£blico;Alta;Muro privado;Alta;Surrealismo;Detallado;Monumental;azul, blanco, amarillo;C lidos;Alta;Alta;Policrom tico;Mitolog¡a, Arte Abstracto;Individual;Abstracta;No;ninguno;Ninguna identificable;No;No;Permanente;Regular;Desgaste del muro;Ninguna;0
237;Calle;P£blico;Alta;Calle;Alta;Graffiti;Detallado;Monumental;mixto;C lidos;Alta;Alta;Policrom tico;Naturaleza, Letras, Arte Abstracto;Individual;Abstracta;No;dinosaurio;Occidental;No;No;Temporal;Regular;Exposici¢n al clima;Ninguna;1
238;Calle;P£blico;Alta;Muro privado;Alta;Graffiti;Detallado;Grande;azul, rosado;C lidos;Alta;Media;Policrom tico;Cultura pop, Letras;Individual;Abstracta;S¡;Pantera rosa;Occidental;No;No;Temporal;Buena;Desgaste del muro;Ninguna;1
239;Calle;P£blico;Media;Muro privado;Alta;Graffiti;Intrincado;Monumental;amarillo, negro;C lidos;Media;Media;Policrom tico;Mitolog¡a, Letras, Arte Abstracto;Individual;Abstracta;S¡;Bruja;Occidental;No;No;Temporal;Deteriorada;Desgaste del muro;Ninguna;1
240;Calle;P£blico;Alta;Muro privado;Alta;Graffiti;Detallado;Grande;blanco, azul, verde;Fr¡os;Alta;Alta;Policrom tico;Resistencia social, Firma de artista, Letras;Individual;Expl¡cita;No;ninguno;Occidental;No;No;Temporal;Buena;Ninguno;Ninguna;1
241;Calle;P£blico;Alta;Muro privado;Alta;Graffiti;Detallado;Monumental;azul, verde;Fr¡os;Media;Baja;Policrom tico;Cultura pop, Firma de artista, Letras, Arte Abstracto, F£tbol;Individual;Abstracta;No;estrella;Occidental;No;No;Temporal;Regular;Vandalismo;Ninguna;1
242;Calle;Semi-privado;Media;Muro privado;Alta;Graffiti;Detallado;Grande;blanco, negro;C lidos;Alta;Alta;Policrom tico;Firma de artista, Letras, Arte Abstracto;Individual;Expl¡cita;No;ninguno;Occidental;No;No;Temporal;Deteriorada;Desgaste del muro;Ninguna;1
243;Escuela;P£blico;Alta;Muro privado;Alta;Minimalismo;Detallado;Monumental;verde, cafe;C lidos;Alta;Alta;Policrom tico;Naturaleza, Letras, Amor, Educaci¢n;Comunitario;Expl¡cita;S¡;Ni¤os,mariposas;Ind¡gena;No;No;Permanente;Buena;Ninguno;Ocasional;0
244;Calle;P£blico;Media;Muro privado;Alta;Graffiti;Simple;Grande;azul, amarillo;Fr¡os;Media;Media;Policrom tico;Firma de artista;Individual;Abstracta;No;ninguno;Ninguna identificable;No;No;Temporal;Buena;Desgaste del muro;Ninguna;1
245;Estaci¢n de transporte;P£blico;Alta;Muro privado;Alta;Graffiti;Detallado;Monumental;negro, azul;Fr¡os;Media;Media;Policrom tico;Firma de artista, Letras, Arte Abstracto;Individual;Abstracta;S¡;ninguno;Ninguna identificable;No;No;Temporal;Regular;Desgaste del muro;Ninguna;1
246;Estaci¢n de transporte;P£blico;Alta;Muro privado;Alta;Graffiti;Detallado;Grande;amarillo, azul;Fr¡os;Media;Media;Policrom tico;Letras;Individual;Abstracta;No;ninguno;Ninguna identificable;No;No;Temporal;Regular;Desgaste del muro;Ninguna;1
247;Plaza;P£blico;Alta;Muro privado;Alta;Graffiti;Intrincado;Monumental;rojo, amarillo verde;C lidos;Alta;Alta;Policrom tico;Resistencia social, Pol¡tica, Firma de artista, Letras, Arte Abstracto;Comunitario;Expl¡cita;S¡;bandera palestina;Oriental;No;S¡;Permanente;Buena;Vandalismo;Ninguna;1
248;Estaci¢n de transporte;P£blico;Alta;Muro privado;Alta;Graffiti;Intrincado;Mediano;azul;Fr¡os;Alta;Alta;Policrom tico;Firma de artista, Letras;Individual;Abstracta;No;ninguno;Ninguna identificable;No;No;Temporal;Regular;Ninguno;Ninguna;1
249;Calle;P£blico;Alta;Muro privado;Alta;Graffiti;Simple;Monumental;blanco, negro, amarillo;C lidos;Alta;Alta;Policrom tico;Resistencia social, Firma de artista, Letras;Individual;Abstracta;No;Spray;Ninguna identificable;No;No;Temporal;Buena;Vandalismo;Ninguna;1
250;Calle;P£blico;Alta;Muro privado;Alta;Graffiti;Intrincado;Monumental;mixto;Fr¡os;Alta;Alta;Policrom tico;Firma de artista, Letras;Individual;Abstracta;No;ninguno;Occidental;No;No;Temporal;Buena;Ninguno;Ninguna;1
251;Calle;P£blico;Alta;Muro privado;Alta;Graffiti;Detallado;Grande;mixto;C lidos;Media;Media;Policrom tico;Mitolog¡a, Naturaleza, Letras;Individual;Abstracta;S¡;pajaros;Ind¡gena;No;No;Temporal;Deteriorada;Desgaste del muro;Ninguna;1
252;Calle;P£blico;Alta;Muro privado;Alta;Graffiti;Simple;Mediano;blanco, negro;Fr¡os;Media;Media;Policrom tico;Firma de artista, Letras;Individual;Expl¡cita;S¡;cats;Ninguna identificable;No;No;Temporal;Regular;Exposici¢n al clima;Ninguna;1
253;Universidad;P£blico;Alta;Monumento;Alta;Graffiti;Simple;Mediano;morado;C lidos;Alta;Alta;Monocrom tico;Firma de artista;Individual;Abstracta;No;ninguno;Ninguna identificable;No;No;Temporal;Buena;Ninguno;Ninguna;1
254;Universidad;P£blico;Alta;Muro privado;Alta;Surrealismo;Detallado;Grande;negro,naranjo, amarillo;C lidos;Alta;Alta;Policrom tico;Cultura pop, Empresa;Individual;Expl¡cita;S¡;sushi;Oriental;No;No;Temporal;Buena;Ninguno;Ocasional;0
255;Universidad;P£blico;Alta;Muro privado;Alta;Graffiti;Detallado;Grande;azul, verde, blanco, negro, rojo;Fr¡os;Alta;Media;Policrom tico;Mitolog¡a, Naturaleza, Letras, Arte Abstracto;Individual;Abstracta;No;hojas;Ind¡gena;No;No;Temporal;Deteriorada;Vandalismo;Ninguna;1
256;Universidad;P£blico;Baja;Muro privado;Alta;Graffiti;Detallado;Mediano;amarillo, azul, negro;Fr¡os;Alta;Alta;Policrom tico;Letras, Arte Abstracto, Amor;Individual;Abstracta;S¡;corona;Ninguna identificable;No;No;Temporal;Regular;Ninguno;Ninguna;1
257;Universidad;P£blico;Alta;Muro privado;Alta;Graffiti;Detallado;Monumental;azul, amarillo;Fr¡os;Alta;Media;Policrom tico;Mitolog¡a, Letras;Individual;Abstracta;No;ninguno;Occidental;No;No;Temporal;Regular;Exposici¢n al clima;Ninguna;1
258;Calle;P£blico;Baja;Muro privado;Baja;Graffiti;Simple;Peque¤o;caf‚;C lidos;Baja;Media;Monocrom tico;Resistencia social, Letras, Sexual;Individual;Expl¡cita;No;perro matapaco;Ninguna identificable;No;S¡;Temporal;Regular;Ninguno;Ninguna;1
259;Calle;P£blico;Alta;Muro privado;Baja;Graffiti;Detallado;Grande;blanco, negro, morado;Fr¡os;Baja;Alta;Policrom tico;Naturaleza, Letras, Arte Abstracto;Individual;Abstracta;S¡;elefante;Ninguna identificable;No;No;Temporal;Regular;Exposici¢n al clima;Ninguna;1
260;Calle;P£blico;Alta;Muro privado;Baja;Graffiti;Detallado;Mediano;blanco, negro,  morado;Fr¡os;Media;Media;Policrom tico;Letras;Individual;Abstracta;No;ninguno;Ninguna identificable;No;No;Temporal;Regular;Exposici¢n al clima;Ninguna;1
261;Calle;P£blico;Alta;Muro privado;Baja;Graffiti;Detallado;Grande;blanco, negro, verde,a zul;Fr¡os;Media;Alta;Policrom tico;Mitolog¡a;Individual;Abstracta;S¡;drag¢n;Oriental;No;No;Temporal;Buena;Ninguno;Ninguna;1
262;Calle;P£blico;Baja;Muro privado;Baja;Graffiti;Detallado;Grande;negro, morado, verde;Neutros;Alta;Alta;Policrom tico;Naturaleza;Individual;Abstracta;No;pavoreal;Ninguna identificable;No;No;Temporal;Regular;Vegetaci¢n;Ninguna;1
263;Calle;P£blico;Alta;Muro privado;Baja;Graffiti;Detallado;Grande;mixto;Neutros;Alta;Alta;Policrom tico;Mitolog¡a, Espiritualidad o religi¢n;Individual;Abstracta;No;m scara;Ind¡gena;No;No;Temporal;Buena;Ninguno;Ninguna;1
264;Calle;P£blico;Alta;Muro privado;Baja;Graffiti;Detallado;Grande;mixto;C lidos;Media;Alta;Policrom tico;Naturaleza;Individual;Abstracta;No;puma, pajaro;Ninguna identificable;No;No;Temporal;Buena;Ninguno;Ninguna;1
265;Calle;P£blico;Alta;Muro privado;Baja;Graffiti;Simple;Monumental;azul;Fr¡os;Baja;Baja;Monocrom tico;Letras;Individual;Expl¡cita;No;ninguno;Ninguna identificable;No;No;Temporal;Buena;Ninguno;Ninguna;1
266;Universidad;P£blico;Media;Muro privado;Baja;Graffiti;Simple;Mediano;negro, rojo;C lidos;Alta;Alta;Policrom tico;Cultura pop, Letras, Amor;Individual;Expl¡cita;No;personaje de videojuego;Ninguna identificable;No;No;Temporal;Buena;Ninguno;Ninguna;1
267;Universidad;P£blico;Baja;Muro privado;Media;Graffiti;Simple;Peque¤o;negro;C lidos;Alta;Alta;Monocrom tico;Firma de artista;Individual;Abstracta;No;ninguno;Ninguna identificable;No;No;Temporal;Buena;Desgaste del muro;Ninguna;1
268;Universidad;P£blico;Baja;Muro privado;Media;Graffiti;Simple;Mediano;blanco;Fr¡os;Media;Media;Monocrom tico;F£tbol;Individual;Expl¡cita;No;ninguno;Ninguna identificable;No;No;Temporal;Regular;Desgaste del muro;Ninguna;1
269;Universidad;P£blico;Baja;Muro privado;Baja;Graffiti;Detallado;Grande;verde;Neutros;Media;Alta;Policrom tico;Letras;Individual;Abstracta;No;ninguno;Ninguna identificable;No;No;Temporal;Regular;Ninguno;Ninguna;1
270;Universidad;P£blico;Alta;Muro privado;Baja;Graffiti;Simple;Mediano;negro;Neutros;Alta;Alta;Monocrom tico;Resistencia social;Individual;Expl¡cita;No;ninguno;Ninguna identificable;No;No;Temporal;Buena;Ninguno;Ninguna;1
271;Universidad;P£blico;Alta;Muro privado;Media;Graffiti;Simple;Mediano;negro, blanco, rojo;C lidos;Alta;Media;Policrom tico;Firma de artista, Letras, Arte Abstracto, Amor;Individual;Expl¡cita;No;ninguno;Ninguna identificable;No;No;Temporal;Regular;Vandalismo;Ninguna;1
272;Universidad;P£blico;Alta;Muro privado;Alta;Graffiti;Simple;Mediano;negro;C lidos;Alta;Alta;Policrom tico;Resistencia social, Letras;Comunitario;Expl¡cita;No;ninguno;Ninguna identificable;No;No;Temporal;Regular;Ninguno;Ninguna;1
273;Universidad;P£blico;Baja;Muro privado;Alta;Graffiti;Detallado;Grande;negro, morado;C lidos;Alta;Alta;Policrom tico;Arte Abstracto;Individual;Abstracta;No;ninguno;Ninguna identificable;No;No;Temporal;Buena;Ninguno;Ninguna;1
274;Universidad;P£blico;Alta;Muro privado;Alta;Graffiti;Detallado;Grande;naranjo, rojo, azul;C lidos;Media;Media;Policrom tico;Letras, Arte Abstracto;Individual;Abstracta;No;ninguno;Occidental;No;No;Temporal;Buena;Ninguno;Ninguna;1
275;Universidad;P£blico;Alta;Muro privado;Alta;Graffiti;Detallado;Grande;rojo, blanco;C lidos;Alta;Alta;Policrom tico;Letras, Arte Abstracto;Individual;Abstracta;No;ninguno;Ninguna identificable;No;No;Temporal;Buena;Ninguno;Ninguna;1
276;Universidad;P£blico;Alta;Muro privado;Alta;Graffiti;Detallado;Grande;azul, negro, blanco;Fr¡os;Alta;Alta;Policrom tico;Arte Abstracto;Individual;Abstracta;No;ninguno;Ninguna identificable;No;No;Temporal;Buena;Ninguno;Ninguna;1
277;Universidad;P£blico;Alta;Muro privado;Alta;Graffiti;Detallado;Grande;azul, cafe, amarillo;Fr¡os;Alta;Alta;Policrom tico;Mitolog¡a, Naturaleza;Individual;Abstracta;S¡;crust ceo ;Ninguna identificable;No;No;Temporal;Regular;Exposici¢n al clima;Ninguna;0
278;Universidad;P£blico;Alta;Muro privado;Alta;Graffiti;Detallado;Grande;mixto;C lidos;Media;Alta;Policrom tico;Letras;Individual;Abstracta;No;ninguno;Ninguna identificable;No;No;Temporal;Buena;Ninguno;Ninguna;1
279;Universidad;P£blico;Alta;Muro privado;Media;Graffiti;Simple;Grande;azul, blanco, amarillo;Fr¡os;Media;Media;Policrom tico;Firma de artista, Letras;Individual;Abstracta;S¡;ninguno;Ninguna identificable;No;No;Temporal;Regular;Exposici¢n al clima;Ninguna;1
280;Universidad;P£blico;Alta;Muro privado;Media;Graffiti;Intrincado;Grande;negro, rojo;C lidos;Alta;Alta;Policrom tico;Firma de artista, Letras;Individual;Abstracta;No;ninguno;Ninguna identificable;No;No;Temporal;Regular;Desgaste del muro;Ninguna;1
281;Universidad;P£blico;Alta;Muro privado;Media;Graffiti;Simple;Monumental;azul, negro, blanco;Fr¡os;Alta;Alta;Policrom tico;Letras, Arte Abstracto;Individual;Abstracta;No;ninguno;Occidental;No;No;Temporal;Regular;Exposici¢n al clima;Ninguna;1
282;Universidad;P£blico;Alta;Muro privado;Media;Graffiti;Detallado;Grande;azul, negro;Fr¡os;Baja;Media;Policrom tico;Letras;Individual;Abstracta;No;ninguno;Ninguna identificable;No;No;Temporal;Deteriorada;vegetaci¢n;Ninguna;1
283;Escuela;P£blico;Baja;Muro privado;Baja;Graffiti;Simple;Peque¤o;rojo;C lidos;Baja;Media;Monocrom tico;Letras;Individual;Abstracta;No;ninguno;Ninguna identificable;No;No;Temporal;Deteriorada;Desgaste del muro;Ninguna;1
284;Escuela;P£blico;Media;Muro privado;Baja;Graffiti;Simple;Grande;negro, rojo;C lidos;Media;Alta;Monocrom tico;Resistencia social, Firma de artista, Letras, Arte Abstracto, Sexual;Individual;Expl¡cita;No;ninguno;Ninguna identificable;No;S¡;Temporal;Deteriorada;Desgaste del muro;Ninguna;1
285;Escuela;P£blico;Media;Muro privado;Baja;Graffiti;Detallado;Grande;amarillo, azul, verde;C lidos;Media;Media;Policrom tico;Mitolog¡a, Firma de artista, Letras, Arte Abstracto;Individual;Abstracta;No;ninguno;Ninguna identificable;No;No;Temporal;Buena;Ninguno;Ninguna;1
286;Escuela;P£blico;Media;Muro privado;Baja;Graffiti;Simple;Mediano;negro;C lidos;Media;Media;Monocrom tico;Firma de artista, Letras;Individual;Abstracta;No;ninguno;Ninguna identificable;No;No;Temporal;Regular;Desgaste del muro;Ninguna;1
287;Universidad;P£blico;Baja;Muro privado;Media;Graffiti;Simple;Mediano;blanco;Fr¡os;Media;Baja;Monocrom tico;Firma de artista, Letras;Individual;Abstracta;No;ninguno;Ninguna identificable;No;No;Temporal;Regular;Exposici¢n al clima;Ninguna;1
288;Universidad;P£blico;Alta;Muro privado;Media;Graffiti;Simple;Grande;negro;C lidos;Alta;Alta;Monocrom tico;Letras;Individual;Expl¡cita;No;ninguno;Ninguna identificable;No;No;Temporal;Deteriorada;Desgaste del muro;Ninguna;1
289;Escuela;P£blico;Alta;Muro privado;Media;Graffiti;Simple;Peque¤o;negro;C lidos;Alta;Alta;Monocrom tico;Firma de artista;Individual;Expl¡cita;No;ninguno;Ninguna identificable;No;No;Temporal;Buena;Ninguno;Ninguna;1
290;Escuela;P£blico;Baja;Muro privado;Baja;Abstracto;Simple;Mediano;morado, negro;C lidos;Media;Media;Monocrom tico;Resistencia social, Sexual;Individual;Expl¡cita;No;ninguno;Ninguna identificable;No;S¡;Temporal;Regular;Desgaste del muro;Ninguna;1
291;Escuela;P£blico;Alta;Muro privado;Alta;Graffiti;Detallado;Monumental;naranjo;C lidos;Alta;Alta;Monocrom tico;Naturaleza;Individual;Expl¡cita;No;bicicleta;Ninguna identificable;No;No;Permanente;Buena;Ninguno;Ocasional;0
292;Universidad;P£blico;Alta;Muro privado;Alta;Graffiti;Detallado;Monumental;azul, morado;Neutros;Alta;Alta;Policrom tico;Naturaleza;Individual;Abstracta;No;ninguno;Ninguna identificable;No;No;Temporal;Buena;Ninguno;Ninguna;0
293;Calle;P£blico;Baja;Muro privado;Media;Graffiti;Detallado;Grande;negro, blanco;Neutros;Media;Alta;Policrom tico;Firma de artista, Amor;Individual;Expl¡cita;No;ninguno;Ninguna identificable;No;No;Temporal;Regular;Desgaste del muro;Ninguna;1
294;Calle;P£blico;Media;Muro privado;Alta;Graffiti;Simple;Peque¤o;negro;C lidos;Alta;Alta;Monocrom tico;Resistencia social;Individual;Expl¡cita;S¡;A de anarquismo;Ninguna identificable;No;S¡;Temporal;Buena;Ninguno;Ninguna;1
295;Calle;P£blico;Media;Muro privado;Alta;Graffiti;Simple;Peque¤o;negro;C lidos;Alta;Alta;Monocrom tico;Resistencia social;Individual;Expl¡cita;S¡;A de anarquismo;Ninguna identificable;No;S¡;Temporal;Buena;Ninguno;Ninguna;1
296;Escuela;P£blico;Alta;Muro privado;Alta;Graffiti;Simple;Mediano;negro, azul;Fr¡os;Alta;Alta;Monocrom tico;Letras;Individual;Expl¡cita;No;ninguno;Ninguna identificable;No;No;Temporal;Deteriorada;Censura;Ninguna;1
297;Calle;P£blico;Baja;Muro privado;Alta;Graffiti;Simple;Peque¤o;rosado;C lidos;Alta;Alta;Monocrom tico;Firma de artista;Individual;Abstracta;No;ninguno;Ninguna identificable;No;No;Temporal;Regular;Vandalismo;Ninguna;1
298;Universidad;P£blico;Alta;Muro privado;Alta;Graffiti;Simple;Peque¤o;negro;Neutros;Media;Alta;Monocrom tico;Letras;Individual;Abstracta;No;ninguno;Ninguna identificable;No;No;Temporal;Regular;Ninguno;Ninguna;1
299;Calle;P£blico;Media;Muro privado;Alta;Graffiti;Simple;Mediano;azul;C lidos;Media;Media;Monocrom tico;Letras;Individual;Abstracta;No;ninguno;Ninguna identificable;No;No;Temporal;Regular;Exposici¢n al clima;Ninguna;1
300;Calle;P£blico;Alta;Muro privado;Alta;Graffiti;Simple;Peque¤o;verde;Neutros;Alta;Baja;Monocrom tico;Letras;Individual;Expl¡cita;No;ninguno;Ninguna identificable;No;No;Temporal;Regular;Desgaste del muro;Ninguna;1
301;Calle;P£blico;Alta;Muro privado;Alta;Graffiti;Detallado;Monumental;mixto;C lidos;Alta;Alta;Policrom tico;Resistencia social, Letras, Arte Abstracto, Sexual;Individual;Expl¡cita;No;ninguno;Ninguna identificable;No;No;Temporal;Buena;Ninguno;Ninguna;1
302;Calle;P£blico;Baja;Muro privado;Alta;Graffiti;Simple;Peque¤o;negro;C lidos;Alta;Alta;Monocrom tico;Firma de artista;Individual;Abstracta;No;ninguno;Ninguna identificable;No;No;Temporal;Buena;Ninguno;Ninguna;1
303;Calle;P£blico;Baja;Calle;Alta;Graffiti;Simple;Peque¤o;naranjo, azul;Neutros;Alta;Alta;Monocrom tico;Firma de artista;Individual;Abstracta;No;ninguno;Ninguna identificable;No;No;Temporal;Regular;Desgaste del muro;Ninguna;1
304;Calle;P£blico;Alta;Muro privado;Alta;Graffiti;Detallado;Grande;negro, amarillo, rojo;Neutros;Alta;Alta;Policrom tico;Firma de artista, Letras, Arte Abstracto;Individual;Expl¡cita;S¡;zapatilla;Ninguna identificable;No;No;Temporal;Buena;Ninguno;Ninguna;1
305;Calle;P£blico;Alta;Muro privado;Alta;Graffiti;Simple;Grande;blanco;C lidos;Baja;Alta;Monocrom tico;Letras;Individual;Expl¡cita;No;ninguno;Ninguna identificable;No;No;Temporal;Buena;Ninguno;Ninguna;1
306;Calle;P£blico;Alta;Muro privado;Alta;Graffiti;Simple;Grande;blanco;C lidos;Baja;Alta;Monocrom tico;Letras;Individual;Expl¡cita;No;ninguno;Ninguna identificable;No;No;Temporal;Buena;Ninguno;Ninguna;1
307;Calle;P£blico;Alta;Calle;Alta;Graffiti;Simple;Peque¤o;negro;Neutros;Media;Media;Monocrom tico;Firma de artista, Letras;Individual;Expl¡cita;No;ninguno;Ninguna identificable;No;No;Temporal;Deteriorada;Desgaste del muro;Ninguna;1
308;Estaci¢n de transporte;P£blico;Media;Muro privado;Media;Graffiti;Simple;Peque¤o;negro;Neutros;Media;Alta;Monocrom tico;Letras;Individual;Expl¡cita;No;ninguno;Ninguna identificable;No;No;Temporal;Buena;vegetaci¢n;Ninguna;1
309;Estaci¢n de transporte;P£blico;Alta;Muro privado;Alta;Graffiti;Simple;Mediano;negro;C lidos;Alta;Alta;Monocrom tico;Firma de artista, Letras, Amor, F£tbol;Individual;Expl¡cita;S¡;ninguno;Ninguna identificable;No;No;Temporal;Regular;Exposici¢n al clima;Ninguna;1
310;Estaci¢n de transporte;P£blico;Alta;Muro p£blico;Alta;Abstracto;Detallado;Grande;mixto;Neutros;Alta;Alta;Policrom tico;Resistencia social;Comunitario;Expl¡cita;S¡;mujeres;Ninguna identificable;No;S¡;Temporal;Buena;Ninguno;Ninguna;0
311;Estaci¢n de transporte;P£blico;Alta;Muro privado;Alta;Graffiti;Detallado;Grande;mixto;Neutros;Alta;Alta;Monocrom tico;Espiritualidad o religi¢n, Firma de artista, Letras, Arte Abstracto;Individual;Expl¡cita;S¡;conejo;Ninguna identificable;No;S¡;Temporal;Regular;Ninguno;Ninguna;1
312;Calle;P£blico;Alta;Calle;Alta;Graffiti;Simple;Peque¤o;negro;Neutros;Media;Alta;Monocrom tico;Resistencia social;Individual;Expl¡cita;S¡;A de Anarquismo;Ninguna identificable;No;S¡;Temporal;Buena;Desgaste del muro;Ninguna;1
313;Calle;P£blico;Alta;Muro privado;Alta;Graffiti;Simple;Mediano;cafe, negro;C lidos;Alta;Alta;Monocrom tico;Firma de artista, Amor;Individual;Expl¡cita;S¡;ninguno;Ninguna identificable;No;No;Temporal;Buena;Ninguno;Ninguna;1
314;Calle;P£blico;Alta;Muro privado;Alta;Abstracto;Simple;Peque¤o;blanco;C lidos;Alta;Alta;Monocrom tico;Letras;Comunitario;Expl¡cita;No;vegan;Ninguna identificable;No;No;Temporal;Buena;Ninguno;Ninguna;1
315;Calle;P£blico;Alta;Muro privado;Alta;Graffiti;Simple;Peque¤o;negro;Neutros;Alta;Alta;Monocrom tico;Letras;Individual;Abstracta;No;ninguno;Ninguna identificable;No;No;Temporal;Buena;Ninguno;Ninguna;1
316;Universidad;P£blico;Alta;Muro privado;Media;Graffiti;Intrincado;Grande;negro, rojo;C lidos;Alta;Alta;Policrom tico;Firma de artista, Letras;Individual;Abstracta;No;ninguno;Ninguna identificable;No;No;Temporal;Regular;Desgaste del muro;Ninguna;1
317;Universidad;P£blico;Alta;Muro privado;Media;Graffiti;Simple;Monumental;azul, negro, blanco;Fr¡os;Alta;Alta;Policrom tico;Letras, Arte Abstracto;Individual;Abstracta;No;ninguno;Occidental;No;No;Temporal;Regular;Exposici¢n al clima;Ninguna;1
318;Universidad;P£blico;Alta;Muro privado;Media;Graffiti;Detallado;Grande;azul, negro;Fr¡os;Baja;Media;Policrom tico;Letras;Individual;Abstracta;No;ninguno;Ninguna identificable;No;No;Temporal;Deteriorada;vegetaci¢n;Ninguna;1
319;Escuela;P£blico;Baja;Muro privado;Baja;Graffiti;Simple;Peque¤o;rojo;C lidos;Baja;Media;Monocrom tico;Letras;Individual;Abstracta;No;ninguno;Ninguna identificable;No;No;Temporal;Deteriorada;Desgaste del muro;Ninguna;1
320;Escuela;P£blico;Media;Muro privado;Baja;Graffiti;Simple;Grande;negro, rojo;C lidos;Media;Alta;Monocrom tico;Resistencia social, Firma de artista, Letras, Arte Abstracto, Sexual;Individual;Expl¡cita;No;ninguno;Ninguna identificable;No;S¡;Temporal;Deteriorada;Desgaste del muro;Ninguna;1
321;Escuela;P£blico;Media;Muro privado;Baja;Graffiti;Detallado;Grande;amarillo, azul, verde;C lidos;Media;Media;Policrom tico;Mitolog¡a, Firma de artista, Letras, Arte Abstracto;Individual;Abstracta;No;ninguno;Ninguna identificable;No;No;Temporal;Buena;Ninguno;Ninguna;1
322;Escuela;P£blico;Media;Muro privado;Baja;Graffiti;Simple;Mediano;negro;C lidos;Media;Media;Monocrom tico;Firma de artista, Letras;Individual;Abstracta;No;ninguno;Ninguna identificable;No;No;Temporal;Regular;Desgaste del muro;Ninguna;1
323;Universidad;P£blico;Baja;Muro privado;Media;Graffiti;Simple;Mediano;blanco;Fr¡os;Media;Baja;Monocrom tico;Firma de artista, Letras;Individual;Abstracta;No;ninguno;Ninguna identificable;No;No;Temporal;Regular;Exposici¢n al clima;Ninguna;1
324;Universidad;P£blico;Alta;Muro privado;Media;Graffiti;Simple;Grande;negro;C lidos;Alta;Alta;Monocrom tico;Letras;Individual;Expl¡cita;No;ninguno;Ninguna identificable;No;No;Temporal;Deteriorada;Desgaste del muro;Ninguna;1
325;Escuela;P£blico;Alta;Muro privado;Media;Graffiti;Simple;Peque¤o;negro;C lidos;Alta;Alta;Monocrom tico;Firma de artista;Individual;Expl¡cita;No;ninguno;Ninguna identificable;No;No;Temporal;Buena;Ninguno;Ninguna;1
326;Escuela;P£blico;Baja;Muro privado;Baja;Abstracto;Simple;Mediano;morado, negro;C lidos;Media;Media;Monocrom tico;Resistencia social, Sexual;Individual;Expl¡cita;No;ninguno;Ninguna identificable;No;S¡;Temporal;Regular;Desgaste del muro;Ninguna;1
327;Escuela;P£blico;Alta;Muro privado;Alta;Graffiti;Detallado;Monumental;naranjo;C lidos;Alta;Alta;Monocrom tico;Naturaleza;Individual;Expl¡cita;No;bicicleta;Ninguna identificable;No;No;Permanente;Buena;Ninguno;Ocasional;0
328;Universidad;P£blico;Alta;Muro privado;Alta;Graffiti;Detallado;Monumental;azul, morado;Neutros;Alta;Alta;Policrom tico;Naturaleza;Individual;Abstracta;No;ninguno;Ninguna identificable;No;No;Temporal;Buena;Ninguno;Ninguna;0
329;Calle;P£blico;Baja;Muro privado;Media;Graffiti;Detallado;Grande;negro, blanco;Neutros;Media;Alta;Policrom tico;Firma de artista, Amor;Individual;Expl¡cita;No;ninguno;Ninguna identificable;No;No;Temporal;Regular;Desgaste del muro;Ninguna;1
330;Calle;P£blico;Media;Muro privado;Alta;Graffiti;Simple;Peque¤o;negro;C lidos;Alta;Alta;Monocrom tico;Resistencia social;Individual;Expl¡cita;S¡;A de anarquismo;Ninguna identificable;No;S¡;Temporal;Buena;Ninguno;Ninguna;1
331;Calle;P£blico;Media;Muro privado;Alta;Graffiti;Simple;Peque¤o;negro;C lidos;Alta;Alta;Monocrom tico;Resistencia social;Individual;Expl¡cita;S¡;A de anarquismo;Ninguna identificable;No;S¡;Temporal;Buena;Ninguno;Ninguna;1
332;Escuela;P£blico;Alta;Muro privado;Alta;Graffiti;Simple;Mediano;negro, azul;Fr¡os;Alta;Alta;Monocrom tico;Letras;Individual;Expl¡cita;No;ninguno;Ninguna identificable;No;No;Temporal;Deteriorada;Censura;Ninguna;1
333;Calle;P£blico;Baja;Muro privado;Alta;Graffiti;Simple;Peque¤o;rosado;C lidos;Alta;Alta;Monocrom tico;Firma de artista;Individual;Abstracta;No;ninguno;Ninguna identificable;No;No;Temporal;Regular;Vandalismo;Ninguna;1
334;Universidad;P£blico;Alta;Muro privado;Alta;Graffiti;Simple;Peque¤o;negro;Neutros;Media;Alta;Monocrom tico;Letras;Individual;Abstracta;No;ninguno;Ninguna identificable;No;No;Temporal;Regular;Ninguno;Ninguna;1
335;Calle;P£blico;Media;Muro privado;Alta;Graffiti;Simple;Mediano;azul;C lidos;Media;Media;Monocrom tico;Letras;Individual;Abstracta;No;ninguno;Ninguna identificable;No;No;Temporal;Regular;Exposici¢n al clima;Ninguna;1
336;Calle;P£blico;Alta;Muro privado;Alta;Graffiti;Simple;Peque¤o;verde;Neutros;Alta;Baja;Monocrom tico;Letras;Individual;Expl¡cita;No;ninguno;Ninguna identificable;No;No;Temporal;Regular;Desgaste del muro;Ninguna;1
337;Calle;P£blico;Alta;Muro privado;Alta;Graffiti;Detallado;Monumental;mixto;C lidos;Alta;Alta;Policrom tico;Resistencia social, Letras, Arte Abstracto, Sexual;Individual;Expl¡cita;No;ninguno;Ninguna identificable;No;No;Temporal;Buena;Ninguno;Ninguna;1
338;Calle;P£blico;Baja;Muro privado;Alta;Graffiti;Simple;Peque¤o;negro;C lidos;Alta;Alta;Monocrom tico;Firma de artista;Individual;Abstracta;No;ninguno;Ninguna identificable;No;No;Temporal;Buena;Ninguno;Ninguna;1
339;Calle;P£blico;Baja;Calle;Alta;Graffiti;Simple;Peque¤o;naranjo, azul;Neutros;Alta;Alta;Monocrom tico;Firma de artista;Individual;Abstracta;No;ninguno;Ninguna identificable;No;No;Temporal;Regular;Desgaste del muro;Ninguna;1
340;Calle;P£blico;Alta;Muro privado;Alta;Graffiti;Detallado;Grande;negro, amarillo, rojo;Neutros;Alta;Alta;Policrom tico;Firma de artista, Letras, Arte Abstracto;Individual;Expl¡cita;S¡;zapatilla;Ninguna identificable;No;No;Temporal;Buena;Ninguno;Ninguna;1
341;Calle;P£blico;Alta;Muro privado;Alta;Graffiti;Simple;Grande;blanco;C lidos;Baja;Alta;Monocrom tico;Letras;Individual;Expl¡cita;No;ninguno;Ninguna identificable;No;No;Temporal;Buena;Ninguno;Ninguna;1
342;Calle;P£blico;Alta;Muro privado;Alta;Graffiti;Simple;Grande;blanco;C lidos;Baja;Alta;Monocrom tico;Letras;Individual;Expl¡cita;No;ninguno;Ninguna identificable;No;No;Temporal;Buena;Ninguno;Ninguna;1
343;Calle;P£blico;Alta;Calle;Alta;Graffiti;Simple;Peque¤o;negro;Neutros;Media;Media;Monocrom tico;Firma de artista, Letras;Individual;Expl¡cita;No;ninguno;Ninguna identificable;No;No;Temporal;Deteriorada;Desgaste del muro;Ninguna;1
344;Estaci¢n de transporte;P£blico;Media;Muro privado;Media;Graffiti;Simple;Peque¤o;negro;Neutros;Media;Alta;Monocrom tico;Letras;Individual;Expl¡cita;No;ninguno;Ninguna identificable;No;No;Temporal;Buena;vegetaci¢n;Ninguna;1
345;Estaci¢n de transporte;P£blico;Alta;Muro privado;Alta;Graffiti;Simple;Mediano;negro;C lidos;Alta;Alta;Monocrom tico;Firma de artista, Letras, Amor, F£tbol;Individual;Expl¡cita;S¡;ninguno;Ninguna identificable;No;No;Temporal;Regular;Exposici¢n al clima;Ninguna;1
346;Estaci¢n de transporte;P£blico;Alta;Muro p£blico;Alta;Abstracto;Detallado;Grande;mixto;Neutros;Alta;Alta;Policrom tico;Resistencia social;Comunitario;Expl¡cita;S¡;mujeres;Ninguna identificable;No;S¡;Temporal;Buena;Ninguno;Ninguna;0
347;Estaci¢n de transporte;P£blico;Alta;Muro privado;Alta;Graffiti;Detallado;Grande;mixto;Neutros;Alta;Alta;Monocrom tico;Espiritualidad o religi¢n, Firma de artista, Letras, Arte Abstracto;Individual;Expl¡cita;S¡;conejo;Ninguna identificable;No;S¡;Temporal;Regular;Ninguno;Ninguna;1
348;Calle;P£blico;Alta;Calle;Alta;Graffiti;Simple;Peque¤o;negro;Neutros;Media;Alta;Monocrom tico;Resistencia social;Individual;Expl¡cita;S¡;A de Anarquismo;Ninguna identificable;No;S¡;Temporal;Buena;Desgaste del muro;Ninguna;1
349;Calle;P£blico;Alta;Muro privado;Alta;Graffiti;Simple;Mediano;cafe, negro;C lidos;Alta;Alta;Monocrom tico;Firma de artista, Amor;Individual;Expl¡cita;S¡;ninguno;Ninguna identificable;No;No;Temporal;Buena;Ninguno;Ninguna;1
350;Calle;P£blico;Alta;Muro privado;Alta;Abstracto;Simple;Peque¤o;blanco;C lidos;Alta;Alta;Monocrom tico;Letras;Comunitario;Expl¡cita;No;vegan;Ninguna identificable;No;No;Temporal;Buena;Ninguno;Ninguna;1
351;Calle;P£blico;Alta;Muro privado;Alta;Graffiti;Simple;Peque¤o;negro;Neutros;Alta;Alta;Monocrom tico;Letras;Individual;Abstracta;No;ninguno;Ninguna identificable;No;No;Temporal;Buena;Ninguno;Ninguna;1
