Graffiti,Cercanía a puntos de interés ,Nivel de accesibilidad ,Visibilidad ,Tipo de espacio ,Frecuencia de visitas al área ,Técnica utilizada ,Formato,Complejidad visual ,Tamaño del arte ,Colores dominantes ,Tonalidad predominante ,Saturación,Contraste entre colores ,Monocromático o policromático ,Temas representados ,Enfoque,Narrativa,Uso de metáforas visuales ,Elementos simbólicos específicos ,Influencias culturales ,Iconografía religiosa o espiritual ,Simbolismo político o social ,Duración esperada ,Condiciones de conservación ,Factores de deterioro visibles ,Frecuencia de mantenimiento o restauración 
001,Plaza,Público,Media,Muro público,Baja,"Arte urbano, graffiti",1,Simple,Pequeño,verde,Fríos,Media,Baja,Monocromático,una figura que parece representar un pez o una forma abstracta,Individual,Abstracta,No,Ninguno claramente identificable,Ninguna identificable,No,No,Temporal,Regular,Exposición al clima,Ninguna
002,Plaza,Público,Baja,Muro público,Baja,"Arte urbano, graffiti",1,Simple,Pequeño,negro,Neutros,Baja,Baja,Monocromático,Letras,Individual,Explícita,No,Ninguno claramente visible,Ninguna identificable,No,No,Temporal,Regular,Exposición al clima,Ninguna
003,Calle,Público,Media,Muro público,Media,"Arte urbano, graffiti",1,Simple,Pequeño,rojo,Cálidos,Alta,Alta,Monocromático,Letras,Individual,Explícita,No,"El mensaje está claro: ""SMILE"" (Sonríe).",Ninguna identificable,No,No,Temporal,Regular,ninguno,Ninguna
004,Calle,Público,Media,Muro privado,Media,"Arte urbano, graffiti",1,Simple,Pequeño,rojo,Cálidos,Alta,Alta,Monocromático,Letras,Individual,Abstracta,No,No se identifican elementos simbólicos claros.,Ninguna identificable,No,No,Temporal,Regular,Exposición al clima,Ninguna
005,Calle,Público,Media,Muro privado,Media,"Arte urbano, graffiti",1,Simple,Pequeño,negro,Neutros,Media,Media,Monocromático,Deporte,Individual,Explícita,No," Sí, el nombre ""Peñarol"" puede simbolizar apoyo al equipo de fútbol o identificación con él.",Occidental,No,No,Temporal,Regular,Ninguno,Ninguna
006,Calle,Público,Alta,Muro privado,Media,"Arte urbano, graffiti",1,Simple,Pequeño,rosa,Cálidos,Alta,Media,Monocromático,Firma de artista,Individual,Explícita,No,Ninguno claramente visible.,Ninguna identificable,No,No,Temporal,Buena,Ninguno,Ninguna
007,Parque,Público,Alta,Muro público,Baja,"Arte urbano, graffiti",1,Simple,Mediano,negro,Neutros,Baja,Media,Monocromático,"Firma de artista, Letras, Rostro sonriente",Individual,Abstracta,No,"La figura sonriente (""smiley"") podría considerarse un elemento simbólico general de positividad o irreverencia.",Ninguna identificable,No,No,Temporal,Regular,Exposición al clima,Ninguna
008,Calle,Público,Alta,Muro privado,Alta,"Arte urbano, graffiti",1,Detallado,Mediano,negro,Neutros,Media,Alta,Monocromático,Letras,Individual,Abstracta,Sí,"Sí, el gato negro y el nombre CATS",Ninguna identificable,No,No,Temporal,Buena,Ninguno,Ninguna
009,Calle,Público,Alta,Muro privado,Alta,"Arte urbano, graffiti",1,Simple,Mediano,negro y blanco,Neutros,Baja,Media,Monocromático,"Firma de artista, Letras",Individual,Abstracta,No,"Ninguno claramente visible, aunque algunos diseños tienen formas decorativas.",Ninguna identificable,No,No,Temporal,Deteriorada,Exposición al clima,Ninguna
010,Estación de transporte,Público,Alta,Muro privado,Alta,"Arte urbano, graffiti",1,Simple,Mediano,Blanco,Neutros,Baja,Media,Monocromático,"Es un mensaje romántico, probablemente personal (""Te amo"")",Individual,Explícita,No,"Las iniciales ""D&E"" y la fecha (""19-01-16"") pueden ser simbólicos para los involucrados, representando nombres y un momento significativo.",Ninguna identificable,No,No,Temporal,Regular,Ninguno,Ninguna
011,Calle,Público,Alta,Muro privado,Alta,"Arte urbano, graffiti",1,Simple,Pequeño,Morado y blanco,Neutros,Media,Media,Policromático,Arte Abstracto,Individual,Abstracta,No,"Ninguno claramente identificable, aunque el diseño superior podría interpretarse como un símbolo decorativo o personal.",Ninguna identificable,No,No,Temporal,Buena,Ninguno,Ninguna
012,Calle,Público,Baja,Muro privado,Media,"Arte urbano, graffiti",1,Simple,Pequeño,Negro,Neutros,Media,Media,Monocromático,Política,Individual,Explícita,No,No. Solo se observa texto.,Occidental,No,Sí,Temporal,Buena,Ninguno,Ninguna
013,Bomberos,Público,Alta,Muro privado,Media,"Arte urbano, graffiti",1,Simple,Pequeño,Azul claro o celeste,Fríos,Media,Media,Monocromático,Firma de artista,Individual,Abstracta,No,Ninguno identificable.,Ninguna identificable,No,No,Temporal,Regular,Exposición al clima,Ninguna
014,Calle,Público,Media,Muro privado,Media,"Arte urbano, graffiti",1,Simple,Mediano,negro ,Neutros,Baja,Baja,Monocromático,"Resistencia social, Política",Individual,Explícita,No,No se identifican elementos específicos debido al desgaste.,Occidental,No,Sí,Temporal,Deteriorada,Exposición al clima,Ninguna
015,Calle,Público,Alta,Muro privado,Baja,"Arte urbano, graffiti",1,Simple,Pequeño,Negro,Neutros,Media,Media,Monocromático,Firma de artista,Individual,Explícita,No,Ninguno identificable.,Ninguna identificable,No,No,Temporal,Regular,Exposición al clima,Ninguna
017,"Escuela, Plaza",Público,Alta,Muro privado,Media,"Arte urbano, graffiti",1,Simple,Mediano,Azul,Fríos,Media,Media,Monocromático,Letras,Individual,Abstracta,No,"Sí, un sombrero sobre las letras, que podría ser un elemento decorativo o simbólico para el autor.",Ninguna identificable,No,No,Temporal,Buena,Ninguno,Ninguna
018,"Escuela, Parque",Público,Alta,Muro privado,Media,"Arte urbano, graffiti",1,Simple,Pequeño,Blanco,Neutros,Baja,Media,Monocromático,"Letras, Musical",Individual,Explícita,No,Taylor Swift,"Influencias populares (""Taylor Swift"" podría estar vinculado a la cultura musical global).",No,No,Temporal,Regular,Ninguno,Ninguna
019,"Escuela, Parque",Público,Baja,Banca publica,Media,"Arte urbano, graffiti",1,Simple,Pequeño,Negro,Neutros,Alta,Alta,Monocromático,Firma de artista,Individual,Abstracta,No,Ninguno claramente identificable,Ninguna identificable,No,No,Temporal,Buena,Ninguno,Ninguna
020,Plaza,Público,Baja,Banca,Baja,Intervención artística con pintura manual. Se utilizó la técnica de estampado de manos pintadas.,0,Simple,Pequeño,"Rojo, blanco y azul ",Cálidos,Media,Media,Policromático,Comunidad,Comunitario,Explícita,Sí,Las huellas de manos son un elemento simbólico universal que representa la participación de las personas.,Ninguna identificable,Sí,Sí,Temporal,Regular,Exposición al clima,Ninguna
021,Escuela,Público,Baja,Muro privado,Baja,"Arte urbano, graffiti",1,Simple,Pequeño,Negro y azul ,Neutros,Media,Media,Policromático,Letras,Individual,Explícita,No,Romantico. El corazón es un elemento simbólico universal relacionado con el amor o los sentimientos.,Ninguna identificable,No,No,Temporal,Regular,Exposición al clima,Ninguna
022,Escuela,Público,Alta,Muro privado,Media,"Pintura mural. Realizado a mano con pinceles, utilizando colores brillantes y un estilo detallado.",0,Detallado,Grande,Multicolor,Cálidos,Alta,Alta,Policromático,"Naturaleza, Educación, Infancia",Comunitario,Explícita,No,"Las letras y números simbolizan aprendizaje, mientras que los niños dibujados simbolizan alegría y juego.",cultura educativa local y la promoción del desarrollo infantil.,No,No,Permanente,Buena,Ninguno,Frecuente
023,Parque,Público,Baja,Banca,Baja,"Arte urbano, graffiti",1,Simple,Pequeño,Negro,Neutros,Alta,Alta,Monocromático,Firma de artista,Individual,Abstracta,No,Ninguno claramente identificable.,Ninguna identificable,No,No,Temporal,Buena,Ninguno,Ninguna
024,Parque,Público,Baja,Muro privado,Baja,"Arte urbano, graffiti",1,Simple,Pequeño,Negro,Neutros,Media,Media,Monocromático,Firma de artista,Individual,Abstracta,No,No se identifica un simbolismo claro,Ninguna identificable,No,No,Temporal,Buena,Ninguno,Ninguna
025,Calle,Público,Alta,Muro privado,Baja,"Arte urbano, graffiti",1,Simple,Pequeño,Negro,Neutros,Baja,Media,Monocromático,Firma de artista,Individual,Abstracta,No,Ninguno claramente identificable,Ninguna identificable,No,No,Temporal,Regular,Exposición al clima,Ninguna
026,Parque,Público,Media,Muro privado,Baja,Pintura mural con spray. Detalles y sombreados sugieren el uso de técnicas más elaboradas.,0,Intrincado,Grande,Multicolor,Cálidos,Alta,Alta,Policromático,"Surrealismo, naturaleza antropomorfizada.",Individual,Abstracta,Sí,Las figuras humanoides y las estrellas alrededor.,influencias de arte psicodélico o surrealismo.,No,No,Temporal,Buena,Exposición al clima,Ninguna
027,Parque,Público,Media,Muro público,Baja,"Arte urbano, graffiti",1,Simple,Pequeño,Rojo ,Cálidos,Baja,Baja,Monocromático,Letras,Individual,Explícita,No,Ninguno claramente identificable.,Ninguna identificable,No,No,Temporal,Regular,Exposición al clima,Ninguna
028,Calle,Público,Alta,Muro público,Baja,"Arte urbano, graffiti",1,Simple,Pequeño,Negro,Neutros,Alta,Alta,Monocromático,Cultura pop,Individual,Explícita,Sí,"La corona y el texto ""El Barto"". Ambas referencias están directamente asociadas a Bart Simpson.",Occidental,No,No,Temporal,Buena,Ninguno,Ninguna
029,Calle,Público,Alta,Muro privado,Baja,"Arte urbano, graffiti",1,Simple,Mediano,Negro,Neutros,Alta,Alta,Monocromático,"Política, Firma de artista",Individual,Explícita,Sí,"Símbolo de anarquismo, Corona, tags",Anarquismo ,No,Sí,Temporal,Regular,Exposición al clima,Ninguna
030,Calle,Público,Alta,Muro privado,Baja,"Arte urbano, graffiti",1,Simple,Pequeño,Negro,Neutros,Baja,Media,Monocromático,"Firma de artista, Arte Abstracto",Individual,Abstracta,No,Ninguno claramente identificable,Ninguna identificable,No,No,Temporal,Regular,Exposición al clima,Ninguna
031,Calle,Público,Alta,Muro privado,Baja,"Arte urbano, graffiti",1,Simple,Pequeño,Negro,Neutros,Baja,Media,Monocromático,"Letras, Arte Abstracto",Individual,Abstracta,No,"Algunos trazos pueden parecer una estrella mal formada o elementos decorativos, pero no son fácilmente identificables.",Ninguna identificable,No,No,Temporal,Deteriorada,Desgaste del muro,Ninguna
032,Calle,Público,Baja,Muro privado,Baja,"Arte urbano, graffiti",1,Simple,Pequeño,Negro,Neutros,Media,Media,Monocromático,Letras,Individual,Abstracta,No,Ninguna evidente directamente,Ninguna identificable,No,No,Temporal,Regular,Exposición al clima,Ninguna
033,Plaza,Público,Alta,Muro privado,Baja,"Arte urbano, graffiti",1,Simple,Mediano,Rojo,Cálidos,Media,Media,Monocromático,Letras,Individual,Explícita,No,Ninguno evidente,Ninguna identificable,No,No,Temporal,Regular,Desgaste del muro,Ninguna
034,Parque,Público,Alta,Muro privado,Media,"Arte urbano, graffiti",0,Intrincado,Monumental,"Multicolor. Azul, rojo, negro y blanco",Cálidos,Alta,Alta,Policromático,"Mitología, Naturaleza, Espiritualidad o religión, Resistencia social, Política, Cultura pop, Firma de artista, Letras, Arte Abstracto",Comunitario,Abstracta,Sí,"Corazones, Figuras abstractas",Ninguna identificable,Sí,Sí,Temporal,Regular,Vandalismo,Ninguna
035,Parque,Público,Alta,Muro privado,Media,"Arte urbano, graffiti",0,Intrincado,Monumental,"Azul, negro y rojo",Fríos,Media,Media,Policromático,"Espiritualidad o religión, Cultura pop, Firma de artista, Letras, Arte Abstracto",Comunitario,Explícita,Sí,"Corazones, Conejo",Ninguna identificable,Sí,No,Temporal,Regular,Vandalismo,Ninguna
036,Parque,Público,Media,Muro público,Media,"Arte urbano, graffiti",1,Simple,Pequeño,Negro,Neutros,Alta,Baja,Monocromático,"Letras, Arte Abstracto, Sexual, Amor",Individual,Abstracta,No,Ninguno claramente identificable,Ninguna identificable,No,No,Temporal,Regular,Exposición al clima,Ninguna
037,Calle,Público,Alta,Muro privado,Baja,"Arte urbano, graffiti",1,Simple,Pequeño,Azul,Fríos,Media,Alta,Monocromático,Firma de artista,Individual,Abstracta,No,Miembro reproductor masculino,Ninguna identificable,No,No,Temporal,Buena,Ninguno,Ninguna
038,Calle,Público,Media,Muro privado,Baja,"Arte urbano, graffiti",1,Simple,Pequeño,Gris,Neutros,Baja,Baja,Monocromático,Arte Abstracto,Individual,Abstracta,No,Ninguno identificable,Ninguna identificable,No,No,Temporal,Deteriorada,Exposición al clima,Ninguna
039,Calle,Público,Alta,Muro privado,Baja,"Arte urbano, graffiti",1,Simple,Pequeño,Gris ,Neutros,Baja,Baja,Monocromático,Arte Abstracto,Individual,Abstracta,No,Ninguno identificable,Ninguna identificable,No,No,Temporal,Deteriorada,Desgaste del muro,Ninguna
040,Plaza,Público,Alta,Muro privado,Baja,Minimalismo,0,Detallado,Mediano,"Negro, blanco, toques de verde, rosa y azul",Neutros,Media,Alta,Policromático,"Naturaleza, Cultura pop, Amor",Comunitario,Explícita,Sí,"Gatos, luna, corazones, árbol",Occidental,No,No,Permanente,Buena,Ninguno,Frecuente
041,Calle,Público,Alta,Muro privado,Media,"Arte urbano, graffiti",1,Simple,Pequeño,Verde,Neutros,Media,Media,Monocromático,Firma de artista,Individual,Abstracta,No,"Palabra ""SUPA"" (posible pseudónimo o firma).",Occidental,No,No,Temporal,Regular,Exposición al clima,Ninguna
042,Terreno abierto,Semi-privado,Baja,Muro privado,Baja,"Arte urbano, graffiti",1,Simple,Pequeño,Azul,Fríos,Media,Media,Monocromático,Firma de artista,Individual,Abstracta,No,"Letras ""JOS"" y otros trazos.",Occidental,No,No,Temporal,Regular,Exposición al clima,Ninguna
043,Terreno abierto,Semi-privado,Media,Muro privado,Baja,"Arte urbano, graffiti",1,Detallado,Mediano,"Azul, negro.",Fríos,Media,Media,Policromático,"Cultura pop, Firma de artista",Individual,Abstracta,No,Dibujos de personajes caricaturescos,Occidental,No,No,Temporal,Regular,Exposición al clima,Ninguna
044,Calle,Público,Alta,Muro privado,Media,"Arte urbano, graffiti",1,Detallado,Mediano,"Azul, blanco y negro",Fríos,Media,Alta,Policromático,"Firma de artista, Letras, Arte Abstracto",Individual,Abstracta,No,Letras estilizadas,Oriental,No,No,Temporal,Regular,Exposición al clima,Ninguna
045,Calle,Público,Alta,Muro privado,Media,Abstracto,0,Detallado,Grande,"Azul, naranja, blanco y verde",Neutros,Media,Media,Policromático,"Mitología, Naturaleza, Cultura pop, Firma de artista, Letras, Arte Abstracto",Comunitario,Abstracta,Sí,árbol y el gato,Occidental,No,No,Permanente,Buena,Exposición al clima,Ocasional
046,Calle,Público,Media,Muro privado,Media,"Arte urbano, graffiti",1,Simple,Mediano,"Blanco, negro y naranja",Neutros,Baja,Media,Policromático,Letras,Individual,Abstracta,No,Ninguno evidente,Occidental,No,No,Temporal,Regular,Vandalismo,Ninguna
047,Calle,Público,Alta,Muro privado,Media,"Arte urbano, graffiti",1,Simple,Mediano,Negro y naranja,Neutros,Baja,Baja,Policromático,"Resistencia social, Política, Cultura pop, Firma de artista, Letras",Comunitario,Explícita,No,Dibujos sencillos como rostros y trazos.,Occidental,No,Sí,Temporal,Regular,Vandalismo,Ninguna
048,Calle,Público,Media,Muro privado,Media,"Arte urbano, graffiti",1,Simple,Mediano,"Azul, negro, y algunos tonos amarillos",Neutros,Media,Media,Policromático,"Política, Firma de artista, Letras",Individual,Explícita,No,Aparecen figuras simples y símbolos básicos como cruces o elementos geométricos.,Ninguna identificable,No,Sí,Temporal,Regular,Vandalismo,Ninguna
049,Calle,Público,Media,Muro privado,Media,"Arte urbano, graffiti",1,Detallado,Grande,"Azul, blanco y rojo",Fríos,Alta,Alta,Policromático,"Firma de artista, Letras",Individual,Abstracta,No,Letras estilizadas,Ninguna identificable,No,No,Temporal,Buena,Ninguno,Ninguna
050,Calle,Público,Alta,Muro privado,Media,"Arte urbano, graffiti",1,Detallado,Grande,"Blanco, azul y rojo",Fríos,Alta,Alta,Policromático,"Política, Letras, números",Individual,Abstracta,No,mensaje cifrado,Ninguna identificable,No,Sí,Temporal,Buena,Vandalismo,Ninguna
051,Calle,Público,Alta,Muro privado,Media,"Arte urbano, graffiti",1,Simple,Mediano,"Negro, naranja y blanco",Neutros,Baja,Media,Policromático,"Resistencia social, Política, Letras, Sexual",Comunitario,Explícita,No,cruz gamada y otros símbolos políticos,Occidental,No,Sí,Temporal,Regular,Vandalismo,Ninguna
052,Calle,Público,Alta,Muro privado,Media,"Arte urbano, graffiti",1,Simple,Mediano,Negro y rojo,Neutros,Baja,Media,Policromático,"Resistencia social, Política, Sexual",Individual,Explícita,No,La cruz gamada y otros símbolos menores.,Occidental,No,Sí,Temporal,Regular,Vandalismo,Ninguna
053,Calle,Público,Alta,Muro privado,Media,"Arte urbano, graffiti",1,Detallado,Mediano,"Rojo, negro y azul",Fríos,Media,Media,Policromático,"Firma de artista, Letras",Individual,Explícita,No,Letras,Occidental,No,No,Temporal,Deteriorada,Exposición al clima,Ninguna
054,Calle,Público,Alta,Muro privado,Media,"Arte urbano, graffiti",1,Simple,Mediano,"Azul, negro, y tonos claros",Fríos,Media,Media,Policromático,"Cultura pop, Firma de artista, Letras",Individual,Explícita,No,manos pintadas y Messi,Occidental,No,No,Temporal,Buena,Exposición al clima,Ninguna
055,Calle,Público,Baja,Muro privado,Media,"Arte urbano, graffiti",1,Simple,Pequeño,Rojo,Cálidos,Media,Baja,Monocromático,Firma de artista,Individual,Explícita,No,firma ,Occidental,No,No,Temporal,Buena,Ninguno,Ninguna
057,Calle,Público,Baja,Muro privado,Baja,"Arte urbano, graffiti",1,Simple,Mediano,Negro,Neutros,Alta,Alta,Monocromático,"Letras, Amor",Individual,Explícita,No,tipografía gótica,Occidental,No,No,Temporal,Buena,Ninguno,Ninguna
058,Plaza,Público,Media,Muro privado,Baja,"Arte urbano, graffiti",1,Simple,Mediano,"Verde, azul",Neutros,Media,Baja,Policromático,"Letras, Arte Abstracto",Comunitario,Abstracta,No,símbolos o letras,Ninguna identificable,No,No,Temporal,Buena,Exposición al clima,Ninguna
059,Parque,Público,Media,Muro privado,Baja,"Arte urbano, graffiti",1,Simple,Pequeño,Negro,Neutros,Alta,Alta,Monocromático,"Firma de artista, Letras",Individual,Abstracta,No,Solo letras,Ninguna identificable,No,No,Temporal,Buena,Exposición al clima,Ninguna
060,Parque,Público,Media,Muro privado,Baja,"Arte urbano, graffiti",1,Detallado,Grande,"Rojo, negro, amarillo",Neutros,Media,Media,Policromático,"Resistencia social, Política, Cultura pop, Letras, Sexual, Amor",Comunitario,Abstracta,Sí,Algunos signos y frases,Ninguna identificable,No,Sí,Temporal,Regular,Vandalismo,Ninguna
062,Plaza,Público,Media,Muro privado,Baja,"Arte urbano, graffiti",1,Simple,Mediano,Negro,Neutros,Baja,Media,Monocromático,"Letras, Amor",Individual,Explícita,No,"frase ""Amor Propio""",Occidental,No,No,Temporal,Regular,Exposición al clima,Ninguna
063,Cancha deportiva,Semi-privado,Alta,Muro público,Media,"Arte urbano, graffiti",0,Detallado,Grande,"Amarillo, azul, verde y rojo",Neutros,Media,Media,Policromático,"Fútbol, Educación",Comunitario,Explícita,Sí,geométricas y abstractas,Occidental,No,No,Permanente,Regular,Exposición al clima,Ocasional
064,Plaza,Público,Alta,Muro privado,Baja,"Arte urbano, graffiti",1,Simple,Pequeño,Negro y gris,Neutros,Baja,Baja,Monocromático,"Letras, Amor, Drogas",Individual,Explícita,No,Nombres y símbolos,Ninguna identificable,No,No,Temporal,Buena,Exposición al clima,Ninguna
065,Calle,Semi-privado,Baja,Muro privado,Baja,Surrealismo,1,Detallado,Grande,"Verde, rosa, amarillo y negro",Cálidos,Alta,Alta,Policromático,"Firma de artista, Arte Abstracto",Individual,Abstracta,Sí,Una mano que emite luz y un rostro,Ninguna identificable,No,No,Permanente,Buena,Exposición al clima,Ninguna
066,Calle,Público,Alta,Muro privado,Alta,"Arte urbano, graffiti",1,Detallado,Grande,"Blanco, burdeos y verde",Neutros,Alta,Media,Policromático,"Naturaleza, Firma de artista",Individual,Abstracta,Sí,La rana y humor,Ninguna identificable,No,No,Temporal,Buena,Ninguno,Ninguna
067,Calle,Público,Alta,Muro privado,Alta,"Arte urbano, graffiti",1,Detallado,Grande,"Blanco, negro, azul y tonos terrosos",Neutros,Alta,Alta,Policromático,"Mitología, Naturaleza, Firma de artista, Letras, Amor",Comunitario,Abstracta,Sí,patrones geométricos,Ninguna identificable,No,No,Temporal,Regular,Exposición al clima,Ninguna
068,Calle,Público,Alta,Muro privado,Alta,"Arte urbano, graffiti",1,Simple,Pequeño,Negro ,Cálidos,Alta,Alta,Monocromático,"Cultura pop, Firma de artista, Arte Abstracto",Individual,Abstracta,No,No se identifican,Ninguna identificable,No,No,Temporal,Buena,Ninguno,Ninguna
069,Calle,Público,Media,Muro privado,Alta,"Arte urbano, graffiti",1,Detallado,Mediano,Negro,Cálidos,Alta,Alta,Monocromático,"Naturaleza, Firma de artista",Individual,Explícita,Sí,Cats,Ninguna identificable,No,No,Temporal,Buena,Exposición al clima,Ninguna
070,Parque,Público,Alta,Muro privado,Alta,"Arte urbano, graffiti",0,Detallado,Grande,"Naranja, verde, azul",Neutros,Alta,Alta,Policromático,"Firma de artista, Letras, Arte Abstracto",Comunitario,Abstracta,Sí,Los ojos y el retrato,influencias culturales latinas,No,Sí,Temporal,Regular,Exposición al clima,Ocasional
071,Parque,Público,Baja,Muro privado,Alta,"Arte urbano, graffiti",1,Intrincado,Mediano,"Verde, amarillo, blanco y negro",Fríos,Alta,Baja,Policromático,"Firma de artista, Letras, Amor",Individual,Explícita,Sí,"palabras como ""M"" y ""CA"",",Ninguna identificable,No,No,Temporal,Regular,Vandalismo,Ninguna
072,línea del tren,Semi-privado,Alta,Muro privado,Media,"Arte urbano, graffiti",1,Simple,Mediano,verde y amarillo,Fríos,Alta,Media,Policromático,Firma de artista,Individual,Abstracta,No,letras estilizadas,Ninguna identificable,No,No,Temporal,Regular,Exposición al clima,Ninguna
073,línea del tren,Semi-privado,Media,Muro privado,Baja,"Arte urbano, graffiti",1,Simple,Pequeño,verde,Cálidos,Media,Media,Monocromático,Firma de artista,Individual,Explícita,No,letras estilizadas,Occidental,No,No,Temporal,Regular,Exposición al clima,Ninguna
074,Calle,Público,Alta,Muro privado,Baja,"Arte urbano, graffiti",1,Simple,Pequeño,Verde y Blanco,Neutros,Alta,Alta,Monocromático,"Firma de artista, Letras",Individual,Explícita,No,Letras estilizadas,Occidental,No,No,Temporal,Regular,Ninguno,Ninguna
075,Parque,Público,Alta,Muro privado,Baja,"Arte urbano, graffiti",1,Simple,Pequeño,verde,Cálidos,Alta,Alta,Monocromático,Firma de artista,Individual,Abstracta,No,letras,Ninguna identificable,No,No,Temporal,Regular,Exposición al clima,Ninguna
076,Calle,Público,Baja,Muro privado,Baja,"Arte urbano, graffiti",1,Detallado,Mediano,"Amarillo, Negro, Azul y Blanco",Neutros,Media,Alta,Policromático,"Cultura pop, Firma de artista, Letras, Música",Individual,Abstracta,Sí,Hombre con casco,Occidental,No,No,Permanente,Buena,Exposición al clima,Ninguna
077,Calle,Público,Baja,Muro privado,Baja,"Arte urbano, graffiti",1,Detallado,Grande,negro y blanco,Cálidos,Baja,Baja,Policromático,Cultura pop,Individual,Abstracta,Sí,Dos rostros,Ninguna identificable,No,No,Temporal,Deteriorada,Exposición al clima,Ninguna
078,Calle,Público,Baja,Muro privado,Baja,"Arte urbano, graffiti",1,Simple,Mediano,blanco,Fríos,Baja,Baja,Monocromático,Fútbol,Comunitario,Explícita,No,Dale León (deportes Copiapó),Local,No,Sí,Temporal,Deteriorada,Exposición al clima,Ninguna
079,línea del tren,Semi-privado,Baja,Muro privado,Baja,"Arte urbano, graffiti",1,Detallado,Grande,Mixto,Neutros,Baja,Alta,Policromático,"Letras, Arte Abstracto",Individual,Abstracta,No,Letras estilizadas,Occidental,No,No,Temporal,Regular,Exposición al clima,Ninguna
080,línea del tren,Semi-privado,Baja,Muro privado,Baja,"Arte urbano, graffiti",1,Intrincado,Grande,"Azul, Amarillo, Negro",Cálidos,Baja,Baja,Policromático,"Firma de artista, Letras, Arte Abstracto",Individual,Abstracta,No,Letras,Occidental,No,No,Temporal,Deteriorada,Por vegetación,Ninguna
081,línea del tren,Semi-privado,Baja,Muro privado,Baja,"Arte urbano, graffiti",1,Intrincado,Grande,"Naranjo, amarillo, azul y negro",Neutros,Alta,Alta,Policromático,"Firma de artista, Letras",Individual,Abstracta,No,Letras,Occidental,No,No,Temporal,Deteriorada,Exposición al clima,Ninguna
082,Calle,Público,Media,Muro privado,Baja,"Arte urbano, graffiti",1,Simple,Mediano,negro,Cálidos,Baja,Media,Monocromático,"Resistencia social, Letras, Amor, Música",Individual,Explícita,No,Ninguno,Ninguna identificable,No,No,Temporal,Deteriorada,Desgaste del muro,Ninguna
083,Calle,Público,Media,Muro privado,Baja,"Arte urbano, graffiti",1,Simple,Mediano,Negro,Cálidos,Alta,Media,Monocromático,"Firma de artista, Letras",Comunitario,Explícita,No,Niño,Ninguna identificable,No,No,Temporal,Regular,Exposición al clima,Ninguna
084,Plaza,Público,Alta,Muro privado,Media,"Arte urbano, graffiti",1,Simple,Pequeño,"Negro, verede",Cálidos,Alta,Alta,Policromático,"Firma de artista, Letras",Individual,Explícita,No,ninguno,Ninguna identificable,No,Sí,Temporal,Regular,Ninguno,Ninguna
085,Plaza,Público,Media,Muro privado,Baja,"Arte urbano, graffiti",1,Simple,Pequeño,azul,Fríos,Baja,Baja,Monocromático,Fútbol,Individual,Abstracta,No,ninguno,Ninguna identificable,No,No,Temporal,Deteriorada,Exposición al clima,Ninguna
086,Plaza,Público,Media,Muro privado,Baja,"Arte urbano, graffiti",1,Simple,Pequeño,verde,Neutros,Media,Baja,Monocromático,Firma de artista,Individual,Abstracta,No,ninguno,Ninguna identificable,No,No,Temporal,Deteriorada,Exposición al clima,Ninguna
087,Plaza,Público,Alta,Muro privado,Baja,"Arte urbano, graffiti",1,Intrincado,Mediano,"negro, blanco",Neutros,Media,Media,Monocromático,"Firma de artista, Letras",Individual,Explícita,No,rostro ,Ninguna identificable,No,No,Temporal,Regular,Vandalismo,Ninguna
088,Plaza,Público,Alta,Muro privado,Media,"Arte urbano, graffiti",1,Intrincado,Mediano,negro,Neutros,Media,Media,Policromático,"Resistencia social, Cultura pop, Firma de artista, Letras, Arte Abstracto, Sexual, Amor",Comunitario,Abstracta,Sí,"fantasma, rostro, smile",Ninguna identificable,No,No,Temporal,Regular,Vandalismo,Ninguna
089,Plaza,Público,Baja,Muro privado,Baja,"Arte urbano, graffiti",1,Simple,Pequeño,azul,Cálidos,Alta,Alta,Monocromático,Espiritualidad o religión,Individual,Explícita,No,ninguno,Ninguna identificable,Sí,No,Temporal,Regular,vegetacion,Ninguna
090,Plaza,Público,Baja,Muro privado,Baja,"Arte urbano, graffiti",1,Simple,Grande,gris,Cálidos,Baja,Baja,Monocromático,Política,Individual,Explícita,No,ninguno,Ninguna identificable,No,Sí,Temporal,Deteriorada,Exposición al clima,Ninguna
091,Plaza,Público,Baja,Banca,Baja,"Arte urbano, graffiti",1,Simple,Pequeño,negro,Cálidos,Alta,Alta,Monocromático,"Letras, Vida sana",Individual,Explícita,No,fruta,Ninguna identificable,No,No,Temporal,Regular,Exposición al clima,Ninguna
092,Plaza,Público,Baja,Muro privado,Baja,"Arte urbano, graffiti",1,Simple,Mediano,negro,Cálidos,Media,Alta,Monocromático,"Firma de artista, Letras, Arte Abstracto",Individual,Abstracta,No,ninguno,Ninguna identificable,No,No,Temporal,Regular,Vandalismo,Ninguna
093,Plaza,Público,Baja,Muro privado,Baja,"Arte urbano, graffiti",0,Detallado,Mediano,"rojo, blanco, negro",Cálidos,Baja,Media,Policromático,Naturaleza,Comunitario,Abstracta,Sí,vaca,Ninguna identificable,No,No,Permanente,Deteriorada,Exposición al clima,Ninguna
094,Plaza,Público,Alta,Muro privado,Baja,"Arte urbano, graffiti",1,Simple,Mediano,"negro, rojo, blanco, verde",Cálidos,Media,Media,Policromático,"Política, Firma de artista, Letras, Arte Abstracto",Individual,Explícita,No,ninguno,Ninguna identificable,No,No,Temporal,Regular,Exposición al clima,Ninguna
095,Plaza,Público,Baja,Muro privado,Baja,"Arte urbano, graffiti",1,Simple,Pequeño,negro,Cálidos,Media,Media,Monocromático,"Firma de artista, Letras",Individual,Explícita,No,ninguno,Ninguna identificable,No,No,Permanente,Regular,Ninguno,Ninguna
096,Plaza,Público,Alta,Muro privado,Baja,"Arte urbano, graffiti",1,Simple,Pequeño,negro,Neutros,Alta,Media,Monocromático,Política,Individual,Explícita,No,ninguno,Ninguna identificable,No,No,Temporal,Regular,Ninguno,Ninguna
097,Calle,Público,Baja,Muro privado,Baja,"Arte urbano, graffiti",1,Simple,Mediano,negro,Neutros,Baja,Baja,Monocromático,"Letras, Amor",Individual,Explícita,No,ninguno,Ninguna identificable,No,No,Temporal,Deteriorada,Exposición al clima,Ninguna
098,Plaza,Público,Alta,Muro privado,Baja,"Arte urbano, graffiti",1,Simple,Mediano,"rojo, verde",Cálidos,Alta,Alta,Monocromático,"Letras, Fútbol",Individual,Explícita,No,logo GB,Ninguna identificable,No,No,Temporal,Buena,Ninguno,Ninguna
099,Calle,Público,Alta,Muro privado,Baja,"Arte urbano, graffiti",1,Simple,Pequeño,negro,Cálidos,Alta,Alta,Monocromático,Política,Individual,Explícita,No,ninguno,Ninguna identificable,No,Sí,Temporal,Buena,Ninguno,Ninguna
100,Plaza,Público,Baja,Muro privado,Baja,"Arte urbano, graffiti",1,Simple,Pequeño,negro,Cálidos,Alta,Media,Monocromático,"Letras, Amor",Individual,Explícita,No,ninguno,Ninguna identificable,No,No,Temporal,Regular,vegetacion,Ninguna
101,Plaza,Público,Media,Muro privado,Baja,"Arte urbano, graffiti",1,Simple,Mediano,rojo,Cálidos,Alta,Media,Monocromático,Amor,Individual,Abstracta,Sí,corazon,Ninguna identificable,No,No,Temporal,Regular,Exposición al clima,Ninguna
102,Terreno eriazo,Público,Alta,Muro público,Alta,"Arte urbano, graffiti",1,Detallado,Mediano,"verde, rojo, negro",Cálidos,Baja,Media,Policromático,Letras,Individual,Abstracta,No,ninguno,Ninguna identificable,No,No,Temporal,Regular,Exposición al clima,Ninguna
103,Terreno eriazo,Público,Baja,Muro privado,Baja,"Arte urbano, graffiti",1,Detallado,Mediano,"azul, verde",Fríos,Baja,Media,Policromático,Letras,Individual,Abstracta,No,ninguno,Ninguna identificable,No,No,Temporal,Regular,Ninguno,Ninguna
104,Iglesia,Público,Alta,Muro privado,Baja,"Arte urbano, graffiti",0,Detallado,Monumental,mixto,Neutros,Alta,Alta,Policromático,Espiritualidad o religión,Comunitario,Abstracta,Sí,"uva, niños, animales, arcoiris",Ninguna identificable,Sí,No,Permanente,Buena,Ninguno,Frecuente
105,Calle,Público,Alta,Muro privado,Media,"Arte urbano, graffiti",1,Simple,Mediano,negro,Cálidos,Alta,Alta,Monocromático,Firma de artista,Individual,Explícita,No,ninguno,Ninguna identificable,No,No,Temporal,Buena,Ninguno,Ninguna
106,Iglesia,Público,Alta,Muro privado,Baja,"Arte urbano, graffiti",0,Detallado,Monumental,mixto,Neutros,Alta,Alta,Policromático,Espiritualidad o religión,Comunitario,Abstracta,Sí,"uva, niños, animales, arcoiris",Ninguna identificable,Sí,No,Permanente,Buena,Ninguno,Frecuente
107,Calle,Público,Alta,Muro privado,Media,"Arte urbano, graffiti",1,Simple,Mediano,negro,Cálidos,Media,Media,Monocromático,Política,Individual,Explícita,No,ninguno,Ninguna identificable,No,Sí,Temporal,Regular,Exposición al clima,Ninguna
108,Plaza,Público,Media,Muro privado,Media,"Arte urbano, graffiti",0,Detallado,Monumental,mixto,Fríos,Alta,Media,Policromático,"Mitología, Naturaleza",Comunitario,Explícita,Sí,animal prehistorico,Ninguna identificable,No,No,Permanente,Regular,Vandalismo,Ninguna
109,Plaza,Público,Media,Muro privado,Media,"Arte urbano, graffiti",1,Simple,Mediano,negro,Cálidos,Media,Alta,Monocromático,"Resistencia social, Letras",Individual,Explícita,No,ninguno,Ninguna identificable,No,No,Temporal,Regular,Censura,Ninguna
110,Calle,Público,Alta,Muro privado,Alta,"Arte urbano, graffiti",0,Detallado,Monumental,mixto,Fríos,Alta,Alta,Policromático,"Política, Musica",Comunitario,Explícita,No,Guitarra,Influencia Local,No,Sí,Temporal,Buena,Ninguno,Frecuente
111,Plaza,Público,Baja,Muro privado,Baja,"Arte urbano, graffiti",1,Simple,Pequeño,negro,Cálidos,Media,Alta,Monocromático,Letras,Individual,Abstracta,No,ninguno,Ninguna identificable,No,No,Temporal,Regular,Ninguno,Ninguna
112,Escuela,Público,Alta,Muro privado,Media,"Arte urbano, graffiti",0,Detallado,Grande,mixto,Cálidos,Alta,Alta,Policromático,Educación,Comunitario,Explícita,Sí,Animales,Ninguna identificable,No,No,Permanente,Buena,Ninguno,Ocasional
113,Plaza,Público,Baja,Muro privado,Baja,"Arte urbano, graffiti",1,Simple,Pequeño,negro,Cálidos,Alta,Media,Monocromático,"Firma de artista, Fútbol",Individual,Explícita,No,ninguno,Ninguna identificable,No,No,Temporal,Regular,Exposición al clima,Ninguna
114,Calle,Público,Baja,Muro privado,Baja,"Arte urbano, graffiti",1,Simple,Pequeño,negro,Cálidos,Media,Media,Monocromático,Amor,Individual,Explícita,No,ninguno,Ninguna identificable,No,No,Temporal,Regular,Exposición al clima,Ninguna
115,Calle,Semi-privado,Baja,Muro privado,Baja,"Arte urbano, graffiti",1,Simple,Pequeño,negro,Cálidos,Alta,Alta,Monocromático,Amor,Individual,Explícita,No,ninguno,Ninguna identificable,No,No,Temporal,Buena,Ninguno,Ninguna
116,Plaza,Público,Alta,Muro privado,Baja,"Arte urbano, graffiti",1,Simple,Grande,negro,Cálidos,Alta,Alta,Monocromático,"Firma de artista, Letras",Individual,Explícita,No,ninguno,Ninguna identificable,No,No,Temporal,Buena,Exposición al clima,Ninguna
117,Escuela,Público,Alta,Muro privado,Alta,"Arte urbano, graffiti",0,Intrincado,Monumental,"blanco, negro",Fríos,Baja,Alta,Monocromático,"Mitología, Firma de artista, Letras",Individual,Abstracta,Sí,mano y ojo,Ninguna identificable,Sí,No,Temporal,Buena,Vandalismo,Ninguna
118,línea del tren,Semi-privado,Media,Muro privado,Baja,"Arte urbano, graffiti",1,Intrincado,Mediano,mixto,Cálidos,Media,Media,Policromático,"Cultura pop, Firma de artista, Letras, Arte Abstracto, Amor",Individual,Abstracta,No,ninguno,Occidental,No,No,Temporal,Deteriorada,Vandalismo,Ninguna
119,línea del tren,Semi-privado,Media,Muro privado,Baja,"Arte urbano, graffiti",1,Detallado,Monumental,mixto,Fríos,Media,Media,Policromático,"Mitología, Naturaleza, Firma de artista, Letras, Arte Abstracto",Individual,Abstracta,Sí,Animal,Ninguna identificable,Sí,No,Temporal,Regular,Exposición al clima,Ninguna
120,línea del tren,Semi-privado,Media,Muro privado,Baja,"Arte urbano, graffiti",1,Simple,Pequeño,amarillo,Cálidos,Alta,Media,Monocromático,"Letras, Arte Abstracto",Individual,Abstracta,Sí,rostro,Ninguna identificable,No,No,Temporal,Regular,Censura,Ninguna
121,Calle,Público,Alta,Muro privado,Baja,"Arte urbano, graffiti",0,Detallado,Monumental,Mixto,Cálidos,Alta,Alta,Policromático,Fútbol,Individual,Explícita,No,ninguno,Ninguna identificable,No,No,Permanente,Buena,Ninguno,Ninguna
122,Calle,Público,Baja,Muro privado,Baja,"Arte urbano, graffiti",1,Simple,Mediano,rojo,Cálidos,Alta,Media,Monocromático,Amor,Individual,Explícita,No,ninguno,Ninguna identificable,No,No,Temporal,Regular,Desgaste del muro,Ninguna
123,Calle,Público,Alta,Muro privado,Alta,"Arte urbano, graffiti",1,Simple,Pequeño,rojo,Cálidos,Alta,Alta,Monocromático,Fútbol,Comunitario,Explícita,No,U,Influencia local,No,No,Temporal,Buena,Ninguno,Ninguna
124,Calle,Público,Alta,Muro privado,Alta,"Arte urbano, graffiti",0,Detallado,Grande,mixto,Cálidos,Alta,Alta,Policromático,Empresa,Individual,Explícita,No,Perro,Ninguna identificable,No,No,Permanente,Buena,Ninguno,Ninguna
125,Estación de transporte,Restringido,Media,Vagón de tren,Baja,"Arte urbano, graffiti",1,Detallado,Mediano,Mixto,Neutros,Alta,Alta,Policromático,"Firma de artista, Letras",Individual,Abstracta,No,ninguno,Ninguna identificable,No,No,Temporal,Buena,Ninguno,Ninguna
126,Calle,Público,Alta,Muro privado,Baja,"Arte urbano, graffiti",1,Detallado,Mediano,mixto,Cálidos,Alta,Alta,Policromático,"Firma de artista, Letras, Números",Individual,Explícita,No,ninguno,Ninguna identificable,No,No,Temporal,Regular,Vandalismo,Ninguna
127,Estación de transporte,Restringido,Media,Muro privado,Baja,"Arte urbano, graffiti",1,Detallado,Grande,mixto,Fríos,Alta,Media,Policromático,"Mitología, Naturaleza, Espiritualidad o religión",Comunitario,Abstracta,No,mujer,Ninguna identificable,No,No,Temporal,Regular,Exposición al clima,Ninguna
128,Calle,Público,Alta,Muro privado,Media,"Arte urbano, graffiti",1,Simple,Pequeño,blanco,Fríos,Alta,Alta,Monocromático,Firma de artista,Individual,Explícita,No,ninguno,Ninguna identificable,No,No,Temporal,Regular,Exposición al clima,Ninguna
129,Calle,Público,Alta,Muro privado,Media,"Arte urbano, graffiti",1,Simple,Mediano,negro,Cálidos,Alta,Alta,Monocromático,"Firma de artista, Arte Abstracto, Mùsica",Individual,Abstracta,Sí,dibujo de rostro con 23 (jordan 23),Ninguna identificable,No,No,Temporal,Buena,Desgaste del muro,Ninguna
130,Plaza,Público,Alta,Muro privado,Alta,"Arte urbano, graffiti",1,Simple,Grande,verde,Cálidos,Alta,Alta,Policromático,"Firma de artista, Letras",Individual,Abstracta,No,ninguno,Occidental,No,No,Temporal,Buena,Vandalismo,Ninguna
131,Plaza,Público,Alta,Calle,Alta,"Arte urbano, graffiti",1,Simple,Mediano,blanco,Cálidos,Alta,Alta,Monocromático,Resistencia social,Individual,Explícita,Sí,simbolo mapuche,Ninguna identificable,No,Sí,Temporal,Buena,Ninguno,Ninguna
132,Calle,Público,Alta,Muro privado,Alta,"Arte urbano, graffiti",0,Detallado,Monumental,"Negro, Rojo, Blanco",Cálidos,Alta,Alta,Policromático,"Letras, Empresa, Deporte",Global,Explícita,Sí,Cadenas,Occidental,No,Sí,Permanente,Buena,Ninguno,Ocasional
133,Plaza,Público,Alta,Muro privado,Alta,"Arte urbano, graffiti",1,Detallado,Grande,"verde, negro",Cálidos,Alta,Alta,Policromático,Naturaleza,Individual,Abstracta,No,Dinosaurio,Occidental,No,No,Temporal,Buena,Ninguno,Ninguna
134,Calle,Público,Alta,Muro privado,Alta,"Arte urbano, graffiti",1,Intrincado,Monumental,"Blanco, NEgro",Cálidos,Alta,Alta,Policromático,"Mitología, Naturaleza, Firma de artista, Letras, Arte Abstracto",Individual,Abstracta,Sí,Hoja Marihuana,Occidental,No,No,Temporal,Buena,Ninguno,Ninguna
135,Calle,Público,Alta,Muro privado,Alta,"Arte urbano, graffiti",1,Detallado,Monumental,"naranjo, negro, Morado",Cálidos,Alta,Media,Policromático,"Mitología, Letras, Arte Abstracto",Individual,Abstracta,No,Manos,Occidental,No,No,Temporal,Buena,Desgaste del muro,Ninguna
136,Estación de transporte,Público,Alta,Muro privado,Alta,"Arte urbano, graffiti",0,Detallado,Monumental,verde,Cálidos,Alta,Alta,Policromático,"Naturaleza, Letras, Empresa",Comunitario,Explícita,Sí,Picaflor,Indígena,No,No,Permanente,Buena,Ninguno,Frecuente
137,Estación de transporte,Público,Alta,Muro privado,Alta,Surrealismo,0,Detallado,Monumental,"azul, blanco, amarillo",Cálidos,Alta,Alta,Policromático,"Mitología, Arte Abstracto",Individual,Abstracta,No,ninguno,Ninguna identificable,No,No,Permanente,Regular,Desgaste del muro,Ninguna
138,Calle,Público,Alta,Calle,Alta,"Arte urbano, graffiti",1,Detallado,Monumental,mixto,Cálidos,Alta,Alta,Policromático,"Naturaleza, Letras, Arte Abstracto",Individual,Abstracta,No,dinosaurio,Occidental,No,No,Temporal,Regular,Exposición al clima,Ninguna
139,Calle,Público,Alta,Muro privado,Alta,"Arte urbano, graffiti",1,Detallado,Grande,"azul, rosado",Cálidos,Alta,Media,Policromático,"Cultura pop, Letras",Individual,Abstracta,Sí,Pantera rosa,Occidental,No,No,Temporal,Buena,Desgaste del muro,Ninguna
140,Calle,Público,Media,Muro privado,Alta,"Arte urbano, graffiti",1,Intrincado,Monumental,"amarillo, negro",Cálidos,Media,Media,Policromático,"Mitología, Letras, Arte Abstracto",Individual,Abstracta,Sí,Bruja,Occidental,No,No,Temporal,Deteriorada,Desgaste del muro,Ninguna
141,Calle,Público,Alta,Muro privado,Alta,"Arte urbano, graffiti",1,Detallado,Grande,"blanco, azul, verde",Fríos,Alta,Alta,Policromático,"Resistencia social, Firma de artista, Letras",Individual,Explícita,No,ninguno,Occidental,No,No,Temporal,Buena,Ninguno,Ninguna
142,Calle,Público,Alta,Muro privado,Alta,"Arte urbano, graffiti",1,Detallado,Monumental,"azul, verde",Fríos,Media,Baja,Policromático,"Cultura pop, Firma de artista, Letras, Arte Abstracto, Fútbol",Individual,Abstracta,No,estrella,Occidental,No,No,Temporal,Regular,Vandalismo,Ninguna
143,Calle,Semi-privado,Media,Muro privado,Alta,"Arte urbano, graffiti",1,Detallado,Grande,"blanco, negro",Cálidos,Alta,Alta,Policromático,"Firma de artista, Letras, Arte Abstracto",Individual,Explícita,No,ninguno,Occidental,No,No,Temporal,Deteriorada,Desgaste del muro,Ninguna
144,Escuela,Público,Alta,Muro privado,Alta,Minimalismo,0,Detallado,Monumental,"verde, cafe",Cálidos,Alta,Alta,Policromático,"Naturaleza, Letras, Amor, Educación",Comunitario,Explícita,Sí,"Niños,mariposas",Indígena,No,No,Permanente,Buena,Ninguno,Ocasional
145,Calle,Público,Media,Muro privado,Alta,"Arte urbano, graffiti",1,Simple,Grande,"azul, amarillo",Fríos,Media,Media,Policromático,Firma de artista,Individual,Abstracta,No,ninguno,Ninguna identificable,No,No,Temporal,Buena,Desgaste del muro,Ninguna
146,Estación de transporte,Público,Alta,Muro privado,Alta,"Arte urbano, graffiti",1,Detallado,Monumental,"negro, azul",Fríos,Media,Media,Policromático,"Firma de artista, Letras, Arte Abstracto",Individual,Abstracta,Sí,ninguno,Ninguna identificable,No,No,Temporal,Regular,Desgaste del muro,Ninguna
147,Estación de transporte,Público,Alta,Muro privado,Alta,"Arte urbano, graffiti",1,Detallado,Grande,"amarillo, azul",Fríos,Media,Media,Policromático,Letras,Individual,Abstracta,No,ninguno,Ninguna identificable,No,No,Temporal,Regular,Desgaste del muro,Ninguna
148,Plaza,Público,Alta,Muro privado,Alta,"Arte urbano, graffiti",1,Intrincado,Monumental,"rojo, amarillo verde",Cálidos,Alta,Alta,Policromático,"Resistencia social, Política, Firma de artista, Letras, Arte Abstracto",Comunitario,Explícita,Sí,bandera palestina,Oriental,No,Sí,Permanente,Buena,Vandalismo,Ninguna
149,Estación de transporte,Público,Alta,Muro privado,Alta,"Arte urbano, graffiti",1,Intrincado,Mediano,azul,Fríos,Alta,Alta,Policromático,"Firma de artista, Letras",Individual,Abstracta,No,ninguno,Ninguna identificable,No,No,Temporal,Regular,Ninguno,Ninguna
150,Calle,Público,Alta,Muro privado,Alta,"Arte urbano, graffiti",1,Simple,Monumental,"blanco, negro, amarillo",Cálidos,Alta,Alta,Policromático,"Resistencia social, Firma de artista, Letras",Individual,Abstracta,No,Spray,Ninguna identificable,No,No,Temporal,Buena,Vandalismo,Ninguna
151,Calle,Público,Alta,Muro privado,Alta,"Arte urbano, graffiti",1,Intrincado,Monumental,mixto,Fríos,Alta,Alta,Policromático,"Firma de artista, Letras",Individual,Abstracta,No,ninguno,Occidental,No,No,Temporal,Buena,Ninguno,Ninguna
152,Calle,Público,Alta,Muro privado,Alta,"Arte urbano, graffiti",1,Detallado,Grande,mixto,Cálidos,Media,Media,Policromático,"Mitología, Naturaleza, Letras",Individual,Abstracta,Sí,pajaros,Indígena,No,No,Temporal,Deteriorada,Desgaste del muro,Ninguna
153,Calle,Público,Alta,Muro privado,Alta,"Arte urbano, graffiti",1,Simple,Mediano,"blanco, negro",Fríos,Media,Media,Policromático,"Firma de artista, Letras",Individual,Explícita,Sí,cats,Ninguna identificable,No,No,Temporal,Regular,Exposición al clima,Ninguna
154,Universidad,Público,Alta,Monumento,Alta,"Arte urbano, graffiti",1,Simple,Mediano,morado,Cálidos,Alta,Alta,Monocromático,Firma de artista,Individual,Abstracta,No,ninguno,Ninguna identificable,No,No,Temporal,Buena,Ninguno,Ninguna
155,Universidad,Público,Alta,Muro privado,Alta,Surrealismo,0,Detallado,Grande,"negro,naranjo, amarillo",Cálidos,Alta,Alta,Policromático,"Cultura pop, Empresa",Individual,Explícita,Sí,sushi,Oriental,No,No,Temporal,Buena,Ninguno,Ocasional
156,Universidad,Público,Alta,Muro privado,Alta,"Arte urbano, graffiti",1,Detallado,Grande,"azul, verde, blanco, negro, rojo",Fríos,Alta,Media,Policromático,"Mitología, Naturaleza, Letras, Arte Abstracto",Individual,Abstracta,No,hojas,Indígena,No,No,Temporal,Deteriorada,Vandalismo,Ninguna
157,Universidad,Público,Baja,Muro privado,Alta,"Arte urbano, graffiti",1,Detallado,Mediano,"amarillo, azul, negro",Fríos,Alta,Alta,Policromático,"Letras, Arte Abstracto, Amor",Individual,Abstracta,Sí,corona,Ninguna identificable,No,No,Temporal,Regular,Ninguno,Ninguna
158,Universidad,Público,Alta,Muro privado,Alta,"Arte urbano, graffiti",1,Detallado,Monumental,"azul, amarillo",Fríos,Alta,Media,Policromático,"Mitología, Letras",Individual,Abstracta,No,ninguno,Occidental,No,No,Temporal,Regular,Exposición al clima,Ninguna
159,Calle,Público,Baja,Muro privado,Baja,"Arte urbano, graffiti",1,Simple,Pequeño,café,Cálidos,Baja,Media,Monocromático,"Resistencia social, Letras, Sexual",Individual,Explícita,No,perro matapaco,Ninguna identificable,No,Sí,Temporal,Regular,Ninguno,Ninguna
160,Calle,Público,Alta,Muro privado,Baja,"Arte urbano, graffiti",1,Detallado,Grande,"blanco, negro, morado",Fríos,Baja,Alta,Policromático,"Naturaleza, Letras, Arte Abstracto",Individual,Abstracta,Sí,elefante,Ninguna identificable,No,No,Temporal,Regular,Exposición al clima,Ninguna
161,Calle,Público,Alta,Muro privado,Baja,"Arte urbano, graffiti",1,Detallado,Mediano,"blanco, negro,  morado",Fríos,Media,Media,Policromático,Letras,Individual,Abstracta,No,ninguno,Ninguna identificable,No,No,Temporal,Regular,Exposición al clima,Ninguna
162,Calle,Público,Alta,Muro privado,Baja,"Arte urbano, graffiti",1,Detallado,Grande,"blanco, negro, verde,a zul",Fríos,Media,Alta,Policromático,Mitología,Individual,Abstracta,Sí,dragón,Oriental,No,No,Temporal,Buena,Ninguno,Ninguna
163,Calle,Público,Baja,Muro privado,Baja,"Arte urbano, graffiti",1,Detallado,Grande,"negro, morado, verde",Neutros,Alta,Alta,Policromático,Naturaleza,Individual,Abstracta,No,pavoreal,Ninguna identificable,No,No,Temporal,Regular,Vegetación,Ninguna
164,Calle,Público,Alta,Muro privado,Baja,"Arte urbano, graffiti",1,Detallado,Grande,mixto,Neutros,Alta,Alta,Policromático,"Mitología, Espiritualidad o religión",Individual,Abstracta,No,máscara,Indígena,No,No,Temporal,Buena,Ninguno,Ninguna
165,Calle,Público,Alta,Muro privado,Baja,"Arte urbano, graffiti",1,Detallado,Grande,mixto,Cálidos,Media,Alta,Policromático,Naturaleza,Individual,Abstracta,No,"puma, pajaro",Ninguna identificable,No,No,Temporal,Buena,Ninguno,Ninguna
166,Calle,Público,Alta,Muro privado,Baja,"Arte urbano, graffiti",1,Simple,Monumental,azul,Fríos,Baja,Baja,Monocromático,Letras,Individual,Explícita,No,ninguno,Ninguna identificable,No,No,Temporal,Buena,Ninguno,Ninguna
167,Universidad,Público,Media,Muro privado,Baja,"Arte urbano, graffiti",1,Simple,Mediano,"negro, rojo",Cálidos,Alta,Alta,Policromático,"Cultura pop, Letras, Amor",Individual,Explícita,No,personaje de videojuego,Ninguna identificable,No,No,Temporal,Buena,Ninguno,Ninguna
168,Universidad,Público,Baja,Muro privado,Media,"Arte urbano, graffiti",1,Simple,Pequeño,negro,Cálidos,Alta,Alta,Monocromático,Firma de artista,Individual,Abstracta,No,ninguno,Ninguna identificable,No,No,Temporal,Buena,Desgaste del muro,Ninguna
169,Universidad,Público,Baja,Muro privado,Media,"Arte urbano, graffiti",1,Simple,Mediano,blanco,Fríos,Media,Media,Monocromático,Fútbol,Individual,Explícita,No,ninguno,Ninguna identificable,No,No,Temporal,Regular,Desgaste del muro,Ninguna
170,Universidad,Público,Baja,Muro privado,Baja,"Arte urbano, graffiti",1,Detallado,Grande,verde,Neutros,Media,Alta,Policromático,Letras,Individual,Abstracta,No,ninguno,Ninguna identificable,No,No,Temporal,Regular,Ninguno,Ninguna
171,Universidad,Público,Alta,Muro privado,Baja,"Arte urbano, graffiti",1,Simple,Mediano,negro,Neutros,Alta,Alta,Monocromático,Resistencia social,Individual,Explícita,No,ninguno,Ninguna identificable,No,No,Temporal,Buena,Ninguno,Ninguna
172,Universidad,Público,Alta,Muro privado,Media,"Arte urbano, graffiti",1,Simple,Mediano,"negro, blanco, rojo",Cálidos,Alta,Media,Policromático,"Firma de artista, Letras, Arte Abstracto, Amor",Individual,Explícita,No,ninguno,Ninguna identificable,No,No,Temporal,Regular,Vandalismo,Ninguna
173,Universidad,Público,Alta,Muro privado,Alta,"Arte urbano, graffiti",1,Simple,Mediano,negro,Cálidos,Alta,Alta,Policromático,"Resistencia social, Letras",Comunitario,Explícita,No,ninguno,Ninguna identificable,No,No,Temporal,Regular,Ninguno,Ninguna
174,Universidad,Público,Baja,Muro privado,Alta,"Arte urbano, graffiti",1,Detallado,Grande,"negro, morado",Cálidos,Alta,Alta,Policromático,Arte Abstracto,Individual,Abstracta,No,ninguno,Ninguna identificable,No,No,Temporal,Buena,Ninguno,Ninguna
175,Universidad,Público,Alta,Muro privado,Alta,"Arte urbano, graffiti",1,Detallado,Grande,"naranjo, rojo, azul",Cálidos,Media,Media,Policromático,"Letras, Arte Abstracto",Individual,Abstracta,No,ninguno,Occidental,No,No,Temporal,Buena,Ninguno,Ninguna
176,Universidad,Público,Alta,Muro privado,Alta,"Arte urbano, graffiti",1,Detallado,Grande,"rojo, blanco",Cálidos,Alta,Alta,Policromático,"Letras, Arte Abstracto",Individual,Abstracta,No,ninguno,Ninguna identificable,No,No,Temporal,Buena,Ninguno,Ninguna
177,Universidad,Público,Alta,Muro privado,Alta,"Arte urbano, graffiti",1,Detallado,Grande,"azul, negro, blanco",Fríos,Alta,Alta,Policromático,Arte Abstracto,Individual,Abstracta,No,ninguno,Ninguna identificable,No,No,Temporal,Buena,Ninguno,Ninguna
178,Universidad,Público,Alta,Muro privado,Alta,"Arte urbano, graffiti",0,Detallado,Grande,"azul, cafe, amarillo",Fríos,Alta,Alta,Policromático,"Mitología, Naturaleza",Individual,Abstracta,Sí,crustáceo ,Ninguna identificable,No,No,Temporal,Regular,Exposición al clima,Ninguna
179,Universidad,Público,Alta,Muro privado,Alta,"Arte urbano, graffiti",1,Detallado,Grande,mixto,Cálidos,Media,Alta,Policromático,Letras,Individual,Abstracta,No,ninguno,Ninguna identificable,No,No,Temporal,Buena,Ninguno,Ninguna
180,Universidad,Público,Alta,Muro privado,Media,"Arte urbano, graffiti",1,Simple,Grande,"azul, blanco, amarillo",Fríos,Media,Media,Policromático,"Firma de artista, Letras",Individual,Abstracta,Sí,ninguno,Ninguna identificable,No,No,Temporal,Regular,Exposición al clima,Ninguna
181,Universidad,Público,Alta,Muro privado,Media,"Arte urbano, graffiti",1,Intrincado,Grande,"negro, rojo",Cálidos,Alta,Alta,Policromático,"Firma de artista, Letras",Individual,Abstracta,No,ninguno,Ninguna identificable,No,No,Temporal,Regular,Desgaste del muro,Ninguna
182,Universidad,Público,Alta,Muro privado,Media,"Arte urbano, graffiti",1,Simple,Monumental,"azul, negro, blanco",Fríos,Alta,Alta,Policromático,"Letras, Arte Abstracto",Individual,Abstracta,No,ninguno,Occidental,No,No,Temporal,Regular,Exposición al clima,Ninguna
183,Universidad,Público,Alta,Muro privado,Media,"Arte urbano, graffiti",1,Detallado,Grande,"azul, negro",Fríos,Baja,Media,Policromático,Letras,Individual,Abstracta,No,ninguno,Ninguna identificable,No,No,Temporal,Deteriorada,vegetación,Ninguna
184,Escuela,Público,Baja,Muro privado,Baja,"Arte urbano, graffiti",1,Simple,Pequeño,rojo,Cálidos,Baja,Media,Monocromático,Letras,Individual,Abstracta,No,ninguno,Ninguna identificable,No,No,Temporal,Deteriorada,Desgaste del muro,Ninguna
185,Escuela,Público,Media,Muro privado,Baja,"Arte urbano, graffiti",1,Simple,Grande,"negro, rojo",Cálidos,Media,Alta,Monocromático,"Resistencia social, Firma de artista, Letras, Arte Abstracto, Sexual",Individual,Explícita,No,ninguno,Ninguna identificable,No,Sí,Temporal,Deteriorada,Desgaste del muro,Ninguna
186,Escuela,Público,Media,Muro privado,Baja,"Arte urbano, graffiti",1,Detallado,Grande,"amarillo, azul, verde",Cálidos,Media,Media,Policromático,"Mitología, Firma de artista, Letras, Arte Abstracto",Individual,Abstracta,No,ninguno,Ninguna identificable,No,No,Temporal,Buena,Ninguno,Ninguna
187,Escuela,Público,Media,Muro privado,Baja,"Arte urbano, graffiti",1,Simple,Mediano,negro,Cálidos,Media,Media,Monocromático,"Firma de artista, Letras",Individual,Abstracta,No,ninguno,Ninguna identificable,No,No,Temporal,Regular,Desgaste del muro,Ninguna
188,Universidad,Público,Baja,Muro privado,Media,"Arte urbano, graffiti",1,Simple,Mediano,blanco,Fríos,Media,Baja,Monocromático,"Firma de artista, Letras",Individual,Abstracta,No,ninguno,Ninguna identificable,No,No,Temporal,Regular,Exposición al clima,Ninguna
189,Universidad,Público,Alta,Muro privado,Media,"Arte urbano, graffiti",1,Simple,Grande,negro,Cálidos,Alta,Alta,Monocromático,Letras,Individual,Explícita,No,ninguno,Ninguna identificable,No,No,Temporal,Deteriorada,Desgaste del muro,Ninguna
190,Escuela,Público,Alta,Muro privado,Media,"Arte urbano, graffiti",1,Simple,Pequeño,negro,Cálidos,Alta,Alta,Monocromático,Firma de artista,Individual,Explícita,No,ninguno,Ninguna identificable,No,No,Temporal,Buena,Ninguno,Ninguna
191,Escuela,Público,Baja,Muro privado,Baja,Abstracto,1,Simple,Mediano,"morado, negro",Cálidos,Media,Media,Monocromático,"Resistencia social, Sexual",Individual,Explícita,No,ninguno,Ninguna identificable,No,Sí,Temporal,Regular,Desgaste del muro,Ninguna
192,Escuela,Público,Alta,Muro privado,Alta,"Arte urbano, graffiti",0,Detallado,Monumental,naranjo,Cálidos,Alta,Alta,Monocromático,Naturaleza,Individual,Explícita,No,bicicleta,Ninguna identificable,No,No,Permanente,Buena,Ninguno,Ocasional
193,Universidad,Público,Alta,Muro privado,Alta,"Arte urbano, graffiti",0,Detallado,Monumental,"azul, morado",Neutros,Alta,Alta,Policromático,Naturaleza,Individual,Abstracta,No,ninguno,Ninguna identificable,No,No,Temporal,Buena,Ninguno,Ninguna
194,Calle,Público,Baja,Muro privado,Media,"Arte urbano, graffiti",1,Detallado,Grande,"negro, blanco",Neutros,Media,Alta,Policromático,"Firma de artista, Amor",Individual,Explícita,No,ninguno,Ninguna identificable,No,No,Temporal,Regular,Desgaste del muro,Ninguna
195,Calle,Público,Media,Muro privado,Alta,"Arte urbano, graffiti",1,Simple,Pequeño,negro,Cálidos,Alta,Alta,Monocromático,Resistencia social,Individual,Explícita,Sí,A de anarquismo,Ninguna identificable,No,Sí,Temporal,Buena,Ninguno,Ninguna
196,Calle,Público,Media,Muro privado,Alta,"Arte urbano, graffiti",1,Simple,Pequeño,negro,Cálidos,Alta,Alta,Monocromático,Resistencia social,Individual,Explícita,Sí,A de anarquismo,Ninguna identificable,No,Sí,Temporal,Buena,Ninguno,Ninguna
197,Escuela,Público,Alta,Muro privado,Alta,"Arte urbano, graffiti",1,Simple,Mediano,"negro, azul",Fríos,Alta,Alta,Monocromático,Letras,Individual,Explícita,No,ninguno,Ninguna identificable,No,No,Temporal,Deteriorada,Censura,Ninguna
198,Calle,Público,Baja,Muro privado,Alta,"Arte urbano, graffiti",1,Simple,Pequeño,rosado,Cálidos,Alta,Alta,Monocromático,Firma de artista,Individual,Abstracta,No,ninguno,Ninguna identificable,No,No,Temporal,Regular,Vandalismo,Ninguna
199,Universidad,Público,Alta,Muro privado,Alta,"Arte urbano, graffiti",1,Simple,Pequeño,negro,Neutros,Media,Alta,Monocromático,Letras,Individual,Abstracta,No,ninguno,Ninguna identificable,No,No,Temporal,Regular,Ninguno,Ninguna
200,Calle,Público,Media,Muro privado,Alta,"Arte urbano, graffiti",1,Simple,Mediano,azul,Cálidos,Media,Media,Monocromático,Letras,Individual,Abstracta,No,ninguno,Ninguna identificable,No,No,Temporal,Regular,Exposición al clima,Ninguna
201,Calle,Público,Alta,Muro privado,Alta,"Arte urbano, graffiti",1,Simple,Pequeño,verde,Neutros,Alta,Baja,Monocromático,Letras,Individual,Explícita,No,ninguno,Ninguna identificable,No,No,Temporal,Regular,Desgaste del muro,Ninguna
202,Calle,Público,Alta,Muro privado,Alta,"Arte urbano, graffiti",1,Detallado,Monumental,mixto,Cálidos,Alta,Alta,Policromático,"Resistencia social, Letras, Arte Abstracto, Sexual",Individual,Explícita,No,ninguno,Ninguna identificable,No,No,Temporal,Buena,Ninguno,Ninguna
203,Calle,Público,Baja,Muro privado,Alta,"Arte urbano, graffiti",1,Simple,Pequeño,negro,Cálidos,Alta,Alta,Monocromático,Firma de artista,Individual,Abstracta,No,ninguno,Ninguna identificable,No,No,Temporal,Buena,Ninguno,Ninguna
204,Calle,Público,Baja,Calle,Alta,"Arte urbano, graffiti",1,Simple,Pequeño,"naranjo, azul",Neutros,Alta,Alta,Monocromático,Firma de artista,Individual,Abstracta,No,ninguno,Ninguna identificable,No,No,Temporal,Regular,Desgaste del muro,Ninguna
205,Calle,Público,Alta,Muro privado,Alta,"Arte urbano, graffiti",1,Detallado,Grande,"negro, amarillo, rojo",Neutros,Alta,Alta,Policromático,"Firma de artista, Letras, Arte Abstracto",Individual,Explícita,Sí,zapatilla,Ninguna identificable,No,No,Temporal,Buena,Ninguno,Ninguna
206,Calle,Público,Alta,Muro privado,Alta,"Arte urbano, graffiti",1,Simple,Grande,blanco,Cálidos,Baja,Alta,Monocromático,Letras,Individual,Explícita,No,ninguno,Ninguna identificable,No,No,Temporal,Buena,Ninguno,Ninguna
207,Calle,Público,Alta,Muro privado,Alta,"Arte urbano, graffiti",1,Simple,Grande,blanco,Cálidos,Baja,Alta,Monocromático,Letras,Individual,Explícita,No,ninguno,Ninguna identificable,No,No,Temporal,Buena,Ninguno,Ninguna
208,Calle,Público,Alta,Calle,Alta,"Arte urbano, graffiti",1,Simple,Pequeño,negro,Neutros,Media,Media,Monocromático,"Firma de artista, Letras",Individual,Explícita,No,ninguno,Ninguna identificable,No,No,Temporal,Deteriorada,Desgaste del muro,Ninguna
209,Estación de transporte,Público,Media,Muro privado,Media,"Arte urbano, graffiti",1,Simple,Pequeño,negro,Neutros,Media,Alta,Monocromático,Letras,Individual,Explícita,No,ninguno,Ninguna identificable,No,No,Temporal,Buena,vegetación,Ninguna
210,Estación de transporte,Público,Alta,Muro privado,Alta,"Arte urbano, graffiti",1,Simple,Mediano,negro,Cálidos,Alta,Alta,Monocromático,"Firma de artista, Letras, Amor, Fútbol",Individual,Explícita,Sí,ninguno,Ninguna identificable,No,No,Temporal,Regular,Exposición al clima,Ninguna
211,Estación de transporte,Público,Alta,Muro público,Alta,Abstracto,0,Detallado,Grande,mixto,Neutros,Alta,Alta,Policromático,Resistencia social,Comunitario,Explícita,Sí,mujeres,Ninguna identificable,No,Sí,Temporal,Buena,Ninguno,Ninguna
212,Estación de transporte,Público,Alta,Muro privado,Alta,"Arte urbano, graffiti",1,Detallado,Grande,mixto,Neutros,Alta,Alta,Monocromático,"Espiritualidad o religión, Firma de artista, Letras, Arte Abstracto",Individual,Explícita,Sí,conejo,Ninguna identificable,No,Sí,Temporal,Regular,Ninguno,Ninguna
213,Calle,Público,Alta,Calle,Alta,"Arte urbano, graffiti",1,Simple,Pequeño,negro,Neutros,Media,Alta,Monocromático,Resistencia social,Individual,Explícita,Sí,A de Anarquismo,Ninguna identificable,No,Sí,Temporal,Buena,Desgaste del muro,Ninguna
214,Calle,Público,Alta,Muro privado,Alta,"Arte urbano, graffiti",1,Simple,Mediano,"cafe, negro",Cálidos,Alta,Alta,Monocromático,"Firma de artista, Amor",Individual,Explícita,Sí,ninguno,Ninguna identificable,No,No,Temporal,Buena,Ninguno,Ninguna
215,Calle,Público,Alta,Muro privado,Alta,Abstracto,1,Simple,Pequeño,blanco,Cálidos,Alta,Alta,Monocromático,Letras,Comunitario,Explícita,No,vegan,Ninguna identificable,No,No,Temporal,Buena,Ninguno,Ninguna
216,Calle,Público,Alta,Muro privado,Alta,"Arte urbano, graffiti",1,Simple,Pequeño,negro,Neutros,Alta,Alta,Monocromático,Letras,Individual,Abstracta,No,ninguno,Ninguna identificable,No,No,Temporal,Buena,Ninguno,Ninguna
217,Calle,Público,Media,Muro privado,Alta,"Arte urbano, graffiti",1,Simple,Mediano,azul,Cálidos,Media,Media,Monocromático,Letras,Individual,Abstracta,No,ninguno,Ninguna identificable,No,No,Temporal,Regular,Exposición al clima,Ninguna
218,Calle,Público,Alta,Muro privado,Alta,"Arte urbano, graffiti",1,Simple,Pequeño,verde,Neutros,Alta,Baja,Monocromático,Letras,Individual,Explícita,No,ninguno,Ninguna identificable,No,No,Temporal,Regular,Desgaste del muro,Ninguna
219,Calle,Público,Alta,Muro privado,Alta,"Arte urbano, graffiti",1,Detallado,Monumental,mixto,Cálidos,Alta,Alta,Policromático,"Resistencia social, Letras, Arte Abstracto, Sexual",Individual,Explícita,No,ninguno,Ninguna identificable,No,No,Temporal,Buena,Ninguno,Ninguna
220,Calle,Público,Baja,Muro privado,Alta,"Arte urbano, graffiti",1,Simple,Pequeño,negro,Cálidos,Alta,Alta,Monocromático,Firma de artista,Individual,Abstracta,No,ninguno,Ninguna identificable,No,No,Temporal,Buena,Ninguno,Ninguna
221,Calle,Público,Baja,Calle,Alta,"Arte urbano, graffiti",1,Simple,Pequeño,"naranjo, azul",Neutros,Alta,Alta,Monocromático,Firma de artista,Individual,Abstracta,No,ninguno,Ninguna identificable,No,No,Temporal,Regular,Desgaste del muro,Ninguna
222,Calle,Público,Alta,Muro privado,Alta,"Arte urbano, graffiti",1,Detallado,Grande,"negro, amarillo, rojo",Neutros,Alta,Alta,Policromático,"Firma de artista, Letras, Arte Abstracto",Individual,Explícita,Sí,zapatilla,Ninguna identificable,No,No,Temporal,Buena,Ninguno,Ninguna
223,Calle,Público,Alta,Muro privado,Alta,"Arte urbano, graffiti",1,Simple,Grande,blanco,Cálidos,Baja,Alta,Monocromático,Letras,Individual,Explícita,No,ninguno,Ninguna identificable,No,No,Temporal,Buena,Ninguno,Ninguna
224,Calle,Público,Alta,Muro privado,Alta,"Arte urbano, graffiti",1,Simple,Grande,blanco,Cálidos,Baja,Alta,Monocromático,Letras,Individual,Explícita,No,ninguno,Ninguna identificable,No,No,Temporal,Buena,Ninguno,Ninguna
225,Calle,Público,Alta,Calle,Alta,"Arte urbano, graffiti",1,Simple,Pequeño,negro,Neutros,Media,Media,Monocromático,"Firma de artista, Letras",Individual,Explícita,No,ninguno,Ninguna identificable,No,No,Temporal,Deteriorada,Desgaste del muro,Ninguna
226,Calle,Público,Baja,Muro privado,Media,"Arte urbano, graffiti",1,Simple,Mediano,blanco,Fríos,Media,Media,Monocromático,Fútbol,Individual,Explícita,No,ninguno,Ninguna identificable,No,No,Temporal,Regular,Desgaste del muro,Ninguna
227,Calle,Público,Baja,Muro privado,Baja,"Arte urbano, graffiti",1,Detallado,Grande,verde,Neutros,Media,Alta,Policromático,Letras,Individual,Abstracta,No,ninguno,Ninguna identificable,No,No,Temporal,Regular,Ninguno,Ninguna
228,Calle,Público,Alta,Muro privado,Baja,"Arte urbano, graffiti",1,Simple,Mediano,negro,Neutros,Alta,Alta,Monocromático,Resistencia social,Individual,Explícita,No,ninguno,Ninguna identificable,No,No,Temporal,Buena,Ninguno,Ninguna
229,Calle,Público,Alta,Muro privado,Media,"Arte urbano, graffiti",1,Simple,Mediano,"negro, blanco, rojo",Cálidos,Alta,Media,Policromático,"Firma de artista, Letras, Arte Abstracto, Amor",Individual,Explícita,No,ninguno,Ninguna identificable,No,No,Temporal,Regular,Vandalismo,Ninguna
230,Calle,Público,Alta,Muro privado,Alta,"Arte urbano, graffiti",1,Simple,Mediano,negro,Cálidos,Alta,Alta,Policromático,"Resistencia social, Letras",Comunitario,Explícita,No,ninguno,Ninguna identificable,No,No,Temporal,Regular,Ninguno,Ninguna
231,Calle,Público,Baja,Muro privado,Alta,"Arte urbano, graffiti",1,Detallado,Grande,"negro, morado",Cálidos,Alta,Alta,Policromático,Arte Abstracto,Individual,Abstracta,No,ninguno,Ninguna identificable,No,No,Temporal,Buena,Ninguno,Ninguna
232,Calle,Público,Alta,Muro privado,Alta,"Arte urbano, graffiti",1,Detallado,Grande,"naranjo, rojo, azul",Cálidos,Media,Media,Policromático,"Letras, Arte Abstracto",Individual,Abstracta,No,ninguno,Occidental,No,No,Temporal,Buena,Ninguno,Ninguna
233,Calle,Público,Alta,Muro privado,Alta,"Arte urbano, graffiti",1,Detallado,Grande,"rojo, blanco",Cálidos,Alta,Alta,Policromático,"Letras, Arte Abstracto",Individual,Abstracta,No,ninguno,Ninguna identificable,No,No,Temporal,Buena,Ninguno,Ninguna
234,Calle,Público,Alta,Muro privado,Alta,"Arte urbano, graffiti",1,Detallado,Grande,"azul, negro, blanco",Fríos,Alta,Alta,Policromático,Arte Abstracto,Individual,Abstracta,No,ninguno,Ninguna identificable,No,No,Temporal,Buena,Ninguno,Ninguna
235,Calle,Público,Alta,Muro privado,Alta,"Arte urbano, graffiti",0,Detallado,Grande,"azul, cafe, amarillo",Fríos,Alta,Alta,Policromático,"Mitología, Naturaleza",Individual,Abstracta,Sí,crustáceo ,Ninguna identificable,No,No,Temporal,Regular,Exposición al clima,Ninguna
236,Calle,Público,Alta,Muro privado,Alta,"Arte urbano, graffiti",1,Detallado,Grande,mixto,Cálidos,Media,Alta,Policromático,Letras,Individual,Abstracta,No,ninguno,Ninguna identificable,No,No,Temporal,Buena,Ninguno,Ninguna
237,Calle,Público,Alta,Muro privado,Media,"Arte urbano, graffiti",1,Simple,Grande,"azul, blanco, amarillo",Fríos,Media,Media,Policromático,"Firma de artista, Letras",Individual,Abstracta,Sí,ninguno,Ninguna identificable,No,No,Temporal,Regular,Exposición al clima,Ninguna
238,Calle,Público,Alta,Muro privado,Media,"Arte urbano, graffiti",1,Intrincado,Grande,"negro, rojo",Cálidos,Alta,Alta,Policromático,"Firma de artista, Letras",Individual,Abstracta,No,ninguno,Ninguna identificable,No,No,Temporal,Regular,Desgaste del muro,Ninguna
239,Calle,Público,Alta,Muro privado,Media,"Arte urbano, graffiti",1,Simple,Monumental,"azul, negro, blanco",Fríos,Alta,Alta,Policromático,"Letras, Arte Abstracto",Individual,Abstracta,No,ninguno,Occidental,No,No,Temporal,Regular,Exposición al clima,Ninguna
240,Calle,Público,Alta,Muro privado,Media,"Arte urbano, graffiti",1,Detallado,Grande,"azul, negro",Fríos,Baja,Media,Policromático,Letras,Individual,Abstracta,No,ninguno,Ninguna identificable,No,No,Temporal,Deteriorada,vegetación,Ninguna
241,Calle,Público,Baja,Muro privado,Baja,"Arte urbano, graffiti",1,Simple,Pequeño,rojo,Cálidos,Baja,Media,Monocromático,Letras,Individual,Abstracta,No,ninguno,Ninguna identificable,No,No,Temporal,Deteriorada,Desgaste del muro,Ninguna
242,Calle,Público,Media,Muro privado,Baja,"Arte urbano, graffiti",1,Simple,Grande,"negro, rojo",Cálidos,Media,Alta,Monocromático,"Resistencia social, Firma de artista, Letras, Arte Abstracto, Sexual",Individual,Explícita,No,ninguno,Ninguna identificable,No,Sí,Temporal,Deteriorada,Desgaste del muro,Ninguna
243,Calle,Público,Baja,Muro privado,Media,"Arte urbano, graffiti",1,Simple,Mediano,blanco,Fríos,Media,Media,Monocromático,Fútbol,Individual,Explícita,No,ninguno,Ninguna identificable,No,No,Temporal,Regular,Desgaste del muro,Ninguna
244,Calle,Público,Baja,Muro privado,Baja,"Arte urbano, graffiti",1,Detallado,Grande,verde,Neutros,Media,Alta,Policromático,Letras,Individual,Abstracta,No,ninguno,Ninguna identificable,No,No,Temporal,Regular,Ninguno,Ninguna
245,Calle,Público,Alta,Muro privado,Baja,"Arte urbano, graffiti",1,Simple,Mediano,negro,Neutros,Alta,Alta,Monocromático,Resistencia social,Individual,Explícita,No,ninguno,Ninguna identificable,No,No,Temporal,Buena,Ninguno,Ninguna
246,Calle,Público,Alta,Muro privado,Media,"Arte urbano, graffiti",1,Simple,Mediano,"negro, blanco, rojo",Cálidos,Alta,Media,Policromático,"Firma de artista, Letras, Arte Abstracto, Amor",Individual,Explícita,No,ninguno,Ninguna identificable,No,No,Temporal,Regular,Vandalismo,Ninguna
247,Calle,Público,Alta,Muro privado,Alta,"Arte urbano, graffiti",1,Simple,Mediano,negro,Cálidos,Alta,Alta,Policromático,"Resistencia social, Letras",Comunitario,Explícita,No,ninguno,Ninguna identificable,No,No,Temporal,Regular,Ninguno,Ninguna
248,Calle,Público,Baja,Muro privado,Alta,"Arte urbano, graffiti",1,Detallado,Grande,"negro, morado",Cálidos,Alta,Alta,Policromático,Arte Abstracto,Individual,Abstracta,No,ninguno,Ninguna identificable,No,No,Temporal,Buena,Ninguno,Ninguna
249,Calle,Público,Alta,Muro privado,Alta,"Arte urbano, graffiti",1,Detallado,Grande,"naranjo, rojo, azul",Cálidos,Media,Media,Policromático,"Letras, Arte Abstracto",Individual,Abstracta,No,ninguno,Occidental,No,No,Temporal,Buena,Ninguno,Ninguna
250,Calle,Público,Alta,Muro privado,Alta,"Arte urbano, graffiti",1,Detallado,Grande,"rojo, blanco",Cálidos,Alta,Alta,Policromático,"Letras, Arte Abstracto",Individual,Abstracta,No,ninguno,Ninguna identificable,No,No,Temporal,Buena,Ninguno,Ninguna
251,Calle,Público,Alta,Muro privado,Alta,"Arte urbano, graffiti",1,Detallado,Grande,"azul, negro, blanco",Fríos,Alta,Alta,Policromático,Arte Abstracto,Individual,Abstracta,No,ninguno,Ninguna identificable,No,No,Temporal,Buena,Ninguno,Ninguna
252,Calle,Público,Alta,Muro privado,Alta,"Arte urbano, graffiti",0,Detallado,Grande,"azul, cafe, amarillo",Fríos,Alta,Alta,Policromático,"Mitología, Naturaleza",Individual,Abstracta,Sí,crustáceo ,Ninguna identificable,No,No,Temporal,Regular,Exposición al clima,Ninguna
253,Calle,Público,Alta,Muro privado,Alta,"Arte urbano, graffiti",0,Detallado,Grande,"azul, cafe, amarillo",Fríos,Alta,Alta,Policromático,"Mitología, Naturaleza",Individual,Abstracta,Sí,crustáceo ,Ninguna identificable,No,No,Temporal,Regular,Exposición al clima,Ninguna